-- phpMyAdmin SQL Dump
-- version 5.2.0
-- https://www.phpmyadmin.net/
--
-- Host: 127.0.0.1
-- Generation Time: Feb 01, 2023 at 07:30 AM
-- Server version: 10.4.27-MariaDB
-- PHP Version: 8.0.25

SET SQL_MODE = "NO_AUTO_VALUE_ON_ZERO";
START TRANSACTION;
SET time_zone = "+00:00";


/*!40101 SET @OLD_CHARACTER_SET_CLIENT=@@CHARACTER_SET_CLIENT */;
/*!40101 SET @OLD_CHARACTER_SET_RESULTS=@@CHARACTER_SET_RESULTS */;
/*!40101 SET @OLD_COLLATION_CONNECTION=@@COLLATION_CONNECTION */;
/*!40101 SET NAMES utf8mb4 */;

--
-- Database: `busbooking`
--
CREATE DATABASE IF NOT EXISTS `busbooking` DEFAULT CHARACTER SET utf8mb4 COLLATE utf8mb4_general_ci;
USE `busbooking`;

-- --------------------------------------------------------

--
-- Table structure for table `bg`
--

CREATE TABLE `bg` (
  `BloodG` varchar(5) NOT NULL
) ENGINE=InnoDB DEFAULT CHARSET=latin1 COLLATE=latin1_swedish_ci;

--
-- Dumping data for table `bg`
--

INSERT INTO `bg` (`BloodG`) VALUES
('A+'),
('A-'),
('AB+'),
('AB-'),
('B+'),
('B-'),
('O+'),
('O-');

-- --------------------------------------------------------

--
-- Table structure for table `bus_instances`
--

CREATE TABLE `bus_instances` (
  `BID` int(11) NOT NULL,
  `RID` int(11) NOT NULL,
  `Seats_Left` int(11) NOT NULL,
  `BusDate` date DEFAULT NULL,
  `DepTime` time DEFAULT NULL
) ENGINE=InnoDB DEFAULT CHARSET=latin1 COLLATE=latin1_swedish_ci;

--
-- Dumping data for table `bus_instances`
--

INSERT INTO `bus_instances` (`BID`, `RID`, `Seats_Left`, `BusDate`, `DepTime`) VALUES
(40, 11540, 49, '2023-02-01', '15:40:00'),
(41, 21615, 50, '2023-02-01', '16:15:00'),
(42, 21655, 50, '2023-02-01', '16:55:00'),
(43, 11720, 50, '2023-02-01', '17:20:00'),
(44, 11750, 50, '2023-02-01', '17:50:00'),
(45, 21830, 50, '2023-02-01', '18:30:00'),
(46, 11940, 50, '2023-02-01', '19:40:00'),
(47, 22020, 50, '2023-02-01', '20:20:00'),
(48, 12100, 50, '2023-02-01', '21:00:00'),
(49, 22140, 50, '2023-02-01', '21:40:00'),
(50, 11540, 50, '2023-02-02', '15:40:00'),
(51, 21615, 50, '2023-02-02', '16:15:00'),
(52, 21655, 50, '2023-02-02', '16:55:00'),
(53, 11720, 50, '2023-02-02', '17:20:00'),
(54, 11750, 50, '2023-02-02', '17:50:00'),
(55, 21830, 50, '2023-02-02', '18:30:00'),
(56, 11940, 50, '2023-02-02', '19:40:00'),
(57, 22020, 50, '2023-02-02', '20:20:00'),
(58, 12100, 50, '2023-02-02', '21:00:00'),
(59, 22140, 50, '2023-02-02', '21:40:00');

-- --------------------------------------------------------

--
-- Table structure for table `department`
--

CREATE TABLE `department` (
  `DCode` varchar(5) NOT NULL,
  `DName` varchar(50) DEFAULT NULL
) ENGINE=InnoDB DEFAULT CHARSET=latin1 COLLATE=latin1_swedish_ci;

--
-- Dumping data for table `department`
--

INSERT INTO `department` (`DCode`, `DName`) VALUES
('CSE', 'Computer Science and Engineering'),
('DS', 'Design'),
('ECE', 'Electronics and Communication Engineering'),
('ME', 'Mechanical Engineering'),
('NS', 'Natural Sciences');

-- --------------------------------------------------------

--
-- Table structure for table `faculty`
--

CREATE TABLE `faculty` (
  `FID` int(11) NOT NULL,
  `FName` varchar(30) DEFAULT NULL,
  `Dept` varchar(5) NOT NULL,
  `BloodG` varchar(5) DEFAULT NULL
) ENGINE=InnoDB DEFAULT CHARSET=latin1 COLLATE=latin1_swedish_ci;

--
-- Dumping data for table `faculty`
--

INSERT INTO `faculty` (`FID`, `FName`, `Dept`, `BloodG`) VALUES
(1234, 'Exemplo_Euro', 'CSE', '0'),
(12345, 'Exemplo_Euro', 'CSE', '0'),
(50215, 'Alex Jones', 'CSE', 'A+');

-- --------------------------------------------------------

--
-- Table structure for table `guest`
--

CREATE TABLE `guest` (
  `GID` int(11) NOT NULL,
  `GName` varchar(30) NOT NULL,
  `HostID` int(11) NOT NULL,
  `HostType` varchar(15) NOT NULL,
  `BloodG` varchar(5) NOT NULL
) ENGINE=InnoDB DEFAULT CHARSET=latin1 COLLATE=latin1_swedish_ci;

-- --------------------------------------------------------

--
-- Table structure for table `passenger`
--

CREATE TABLE `passenger` (
  `ID` int(11) NOT NULL,
  `Type` varchar(15) NOT NULL,
  `Pwd` varchar(40) DEFAULT NULL
) ENGINE=InnoDB DEFAULT CHARSET=latin1 COLLATE=latin1_swedish_ci;

--
-- Dumping data for table `passenger`
--

INSERT INTO `passenger` (`ID`, `Type`, `Pwd`) VALUES
(12, 'Student', 'ben123'),
(1021, 'Staff', 'test3'),
(50215, 'Faculty', 'test2'),
(2017324, 'Student', 'test2'),
(2017333, 'Student', 'test');

-- --------------------------------------------------------

--
-- Table structure for table `p_type`
--

CREATE TABLE `p_type` (
  `type` varchar(15) NOT NULL
) ENGINE=InnoDB DEFAULT CHARSET=latin1 COLLATE=latin1_swedish_ci;

--
-- Dumping data for table `p_type`
--

INSERT INTO `p_type` (`type`) VALUES
('Faculty'),
('Guest'),
('Staff'),
('Student');

-- --------------------------------------------------------

--
-- Table structure for table `routes`
--

CREATE TABLE `routes` (
  `RID` int(11) NOT NULL,
  `STime` time DEFAULT NULL,
  `DTime` time DEFAULT NULL,
  `Src` varchar(20) DEFAULT NULL,
  `Dst` varchar(20) DEFAULT NULL,
  `Capacity` int(11) DEFAULT NULL
) ENGINE=InnoDB DEFAULT CHARSET=latin1 COLLATE=latin1_swedish_ci;

--
-- Dumping data for table `routes`
--

INSERT INTO `routes` (`RID`, `STime`, `DTime`, `Src`, `Dst`, `Capacity`) VALUES
(11540, '15:40:00', '16:20:00', 'Narmada Residency', 'Empire Talkies', 50),
(11720, '17:20:00', '18:00:00', 'Hall 4', 'Penty Naka', 50),
(11750, '17:50:00', '18:30:00', 'Hall 4', 'Penty Naka', 50),
(11940, '19:40:00', '20:20:00', 'Hall 4', 'Penty Naka', 50),
(12100, '21:00:00', '18:00:00', 'PG Hostel', 'Russel Chowk', 50),
(21615, '16:15:00', '16:45:00', 'Empire Talkies', 'Narmada Residency', 50),
(21655, '16:55:00', '17:35:00', 'Penty Naka', 'Hexagonal Canteen', 50),
(21830, '18:30:00', '19:10:00', 'Penty Naka', 'Hall 4', 50),
(22020, '20:20:00', '21:00:00', 'Penty Naka', 'Hall 4', 50),
(22140, '21:40:00', '22:20:00', 'Russel Chowk', 'Hall 4', 50);

-- --------------------------------------------------------

--
-- Table structure for table `seat_matrix`
--

CREATE TABLE `seat_matrix` (
  `BID` int(11) NOT NULL,
  `RID` int(11) NOT NULL,
  `SeatNo` int(11) NOT NULL,
  `Passenger` int(11) DEFAULT NULL,
  `BusDate` date DEFAULT NULL
) ENGINE=InnoDB DEFAULT CHARSET=latin1 COLLATE=latin1_swedish_ci;

--
-- Dumping data for table `seat_matrix`
--

INSERT INTO `seat_matrix` (`BID`, `RID`, `SeatNo`, `Passenger`, `BusDate`) VALUES
(20, 11540, 1, NULL, '2023-01-30'),
(20, 11540, 2, NULL, '2023-01-30'),
(20, 11540, 3, NULL, '2023-01-30'),
(20, 11540, 4, NULL, '2023-01-30'),
(20, 11540, 5, NULL, '2023-01-30'),
(20, 11540, 6, NULL, '2023-01-30'),
(20, 11540, 7, NULL, '2023-01-30'),
(20, 11540, 8, NULL, '2023-01-30'),
(20, 11540, 9, NULL, '2023-01-30'),
(20, 11540, 10, NULL, '2023-01-30'),
(20, 11540, 11, NULL, '2023-01-30'),
(20, 11540, 12, NULL, '2023-01-30'),
(20, 11540, 13, NULL, '2023-01-30'),
(20, 11540, 14, NULL, '2023-01-30'),
(20, 11540, 15, NULL, '2023-01-30'),
(20, 11540, 16, NULL, '2023-01-30'),
(20, 11540, 17, NULL, '2023-01-30'),
(20, 11540, 18, NULL, '2023-01-30'),
(20, 11540, 19, NULL, '2023-01-30'),
(20, 11540, 20, NULL, '2023-01-30'),
(20, 11540, 21, NULL, '2023-01-30'),
(20, 11540, 22, NULL, '2023-01-30'),
(20, 11540, 23, NULL, '2023-01-30'),
(20, 11540, 24, NULL, '2023-01-30'),
(20, 11540, 25, NULL, '2023-01-30'),
(20, 11540, 26, NULL, '2023-01-30'),
(20, 11540, 27, NULL, '2023-01-30'),
(20, 11540, 28, NULL, '2023-01-30'),
(20, 11540, 29, NULL, '2023-01-30'),
(20, 11540, 30, NULL, '2023-01-30'),
(20, 11540, 31, NULL, '2023-01-30'),
(20, 11540, 32, NULL, '2023-01-30'),
(20, 11540, 33, NULL, '2023-01-30'),
(20, 11540, 34, NULL, '2023-01-30'),
(20, 11540, 35, NULL, '2023-01-30'),
(20, 11540, 36, NULL, '2023-01-30'),
(20, 11540, 37, NULL, '2023-01-30'),
(20, 11540, 38, NULL, '2023-01-30'),
(20, 11540, 39, NULL, '2023-01-30'),
(20, 11540, 40, NULL, '2023-01-30'),
(20, 11540, 41, NULL, '2023-01-30'),
(20, 11540, 42, NULL, '2023-01-30'),
(20, 11540, 43, NULL, '2023-01-30'),
(20, 11540, 44, NULL, '2023-01-30'),
(20, 11540, 45, NULL, '2023-01-30'),
(20, 11540, 46, NULL, '2023-01-30'),
(20, 11540, 47, NULL, '2023-01-30'),
(20, 11540, 48, NULL, '2023-01-30'),
(20, 11540, 49, NULL, '2023-01-30'),
(20, 11540, 50, NULL, '2023-01-30'),
(21, 21615, 1, NULL, '2023-01-30'),
(21, 21615, 2, NULL, '2023-01-30'),
(21, 21615, 3, NULL, '2023-01-30'),
(21, 21615, 4, NULL, '2023-01-30'),
(21, 21615, 5, NULL, '2023-01-30'),
(21, 21615, 6, NULL, '2023-01-30'),
(21, 21615, 7, NULL, '2023-01-30'),
(21, 21615, 8, NULL, '2023-01-30'),
(21, 21615, 9, NULL, '2023-01-30'),
(21, 21615, 10, NULL, '2023-01-30'),
(21, 21615, 11, NULL, '2023-01-30'),
(21, 21615, 12, NULL, '2023-01-30'),
(21, 21615, 13, NULL, '2023-01-30'),
(21, 21615, 14, NULL, '2023-01-30'),
(21, 21615, 15, NULL, '2023-01-30'),
(21, 21615, 16, NULL, '2023-01-30'),
(21, 21615, 17, NULL, '2023-01-30'),
(21, 21615, 18, NULL, '2023-01-30'),
(21, 21615, 19, NULL, '2023-01-30'),
(21, 21615, 20, NULL, '2023-01-30'),
(21, 21615, 21, NULL, '2023-01-30'),
(21, 21615, 22, NULL, '2023-01-30'),
(21, 21615, 23, NULL, '2023-01-30'),
(21, 21615, 24, NULL, '2023-01-30'),
(21, 21615, 25, NULL, '2023-01-30'),
(21, 21615, 26, NULL, '2023-01-30'),
(21, 21615, 27, NULL, '2023-01-30'),
(21, 21615, 28, NULL, '2023-01-30'),
(21, 21615, 29, NULL, '2023-01-30'),
(21, 21615, 30, NULL, '2023-01-30'),
(21, 21615, 31, NULL, '2023-01-30'),
(21, 21615, 32, NULL, '2023-01-30'),
(21, 21615, 33, NULL, '2023-01-30'),
(21, 21615, 34, NULL, '2023-01-30'),
(21, 21615, 35, NULL, '2023-01-30'),
(21, 21615, 36, NULL, '2023-01-30'),
(21, 21615, 37, NULL, '2023-01-30'),
(21, 21615, 38, NULL, '2023-01-30'),
(21, 21615, 39, NULL, '2023-01-30'),
(21, 21615, 40, NULL, '2023-01-30'),
(21, 21615, 41, NULL, '2023-01-30'),
(21, 21615, 42, NULL, '2023-01-30'),
(21, 21615, 43, NULL, '2023-01-30'),
(21, 21615, 44, NULL, '2023-01-30'),
(21, 21615, 45, NULL, '2023-01-30'),
(21, 21615, 46, NULL, '2023-01-30'),
(21, 21615, 47, NULL, '2023-01-30'),
(21, 21615, 48, NULL, '2023-01-30'),
(21, 21615, 49, NULL, '2023-01-30'),
(21, 21615, 50, NULL, '2023-01-30'),
(22, 21655, 1, NULL, '2023-01-30'),
(22, 21655, 2, NULL, '2023-01-30'),
(22, 21655, 3, NULL, '2023-01-30'),
(22, 21655, 4, NULL, '2023-01-30'),
(22, 21655, 5, NULL, '2023-01-30'),
(22, 21655, 6, NULL, '2023-01-30'),
(22, 21655, 7, NULL, '2023-01-30'),
(22, 21655, 8, NULL, '2023-01-30'),
(22, 21655, 9, NULL, '2023-01-30'),
(22, 21655, 10, NULL, '2023-01-30'),
(22, 21655, 11, NULL, '2023-01-30'),
(22, 21655, 12, NULL, '2023-01-30'),
(22, 21655, 13, NULL, '2023-01-30'),
(22, 21655, 14, NULL, '2023-01-30'),
(22, 21655, 15, NULL, '2023-01-30'),
(22, 21655, 16, NULL, '2023-01-30'),
(22, 21655, 17, NULL, '2023-01-30'),
(22, 21655, 18, NULL, '2023-01-30'),
(22, 21655, 19, NULL, '2023-01-30'),
(22, 21655, 20, NULL, '2023-01-30'),
(22, 21655, 21, NULL, '2023-01-30'),
(22, 21655, 22, NULL, '2023-01-30'),
(22, 21655, 23, NULL, '2023-01-30'),
(22, 21655, 24, NULL, '2023-01-30'),
(22, 21655, 25, NULL, '2023-01-30'),
(22, 21655, 26, NULL, '2023-01-30'),
(22, 21655, 27, NULL, '2023-01-30'),
(22, 21655, 28, NULL, '2023-01-30'),
(22, 21655, 29, NULL, '2023-01-30'),
(22, 21655, 30, NULL, '2023-01-30'),
(22, 21655, 31, NULL, '2023-01-30'),
(22, 21655, 32, NULL, '2023-01-30'),
(22, 21655, 33, NULL, '2023-01-30'),
(22, 21655, 34, NULL, '2023-01-30'),
(22, 21655, 35, NULL, '2023-01-30'),
(22, 21655, 36, NULL, '2023-01-30'),
(22, 21655, 37, NULL, '2023-01-30'),
(22, 21655, 38, NULL, '2023-01-30'),
(22, 21655, 39, NULL, '2023-01-30'),
(22, 21655, 40, NULL, '2023-01-30'),
(22, 21655, 41, NULL, '2023-01-30'),
(22, 21655, 42, NULL, '2023-01-30'),
(22, 21655, 43, NULL, '2023-01-30'),
(22, 21655, 44, NULL, '2023-01-30'),
(22, 21655, 45, NULL, '2023-01-30'),
(22, 21655, 46, NULL, '2023-01-30'),
(22, 21655, 47, NULL, '2023-01-30'),
(22, 21655, 48, NULL, '2023-01-30'),
(22, 21655, 49, NULL, '2023-01-30'),
(22, 21655, 50, NULL, '2023-01-30'),
(23, 11720, 1, NULL, '2023-01-30'),
(23, 11720, 2, NULL, '2023-01-30'),
(23, 11720, 3, NULL, '2023-01-30'),
(23, 11720, 4, NULL, '2023-01-30'),
(23, 11720, 5, NULL, '2023-01-30'),
(23, 11720, 6, NULL, '2023-01-30'),
(23, 11720, 7, NULL, '2023-01-30'),
(23, 11720, 8, NULL, '2023-01-30'),
(23, 11720, 9, NULL, '2023-01-30'),
(23, 11720, 10, NULL, '2023-01-30'),
(23, 11720, 11, NULL, '2023-01-30'),
(23, 11720, 12, NULL, '2023-01-30'),
(23, 11720, 13, NULL, '2023-01-30'),
(23, 11720, 14, NULL, '2023-01-30'),
(23, 11720, 15, NULL, '2023-01-30'),
(23, 11720, 16, NULL, '2023-01-30'),
(23, 11720, 17, NULL, '2023-01-30'),
(23, 11720, 18, NULL, '2023-01-30'),
(23, 11720, 19, NULL, '2023-01-30'),
(23, 11720, 20, NULL, '2023-01-30'),
(23, 11720, 21, NULL, '2023-01-30'),
(23, 11720, 22, NULL, '2023-01-30'),
(23, 11720, 23, NULL, '2023-01-30'),
(23, 11720, 24, NULL, '2023-01-30'),
(23, 11720, 25, NULL, '2023-01-30'),
(23, 11720, 26, NULL, '2023-01-30'),
(23, 11720, 27, NULL, '2023-01-30'),
(23, 11720, 28, NULL, '2023-01-30'),
(23, 11720, 29, NULL, '2023-01-30'),
(23, 11720, 30, NULL, '2023-01-30'),
(23, 11720, 31, NULL, '2023-01-30'),
(23, 11720, 32, NULL, '2023-01-30'),
(23, 11720, 33, NULL, '2023-01-30'),
(23, 11720, 34, NULL, '2023-01-30'),
(23, 11720, 35, NULL, '2023-01-30'),
(23, 11720, 36, NULL, '2023-01-30'),
(23, 11720, 37, NULL, '2023-01-30'),
(23, 11720, 38, NULL, '2023-01-30'),
(23, 11720, 39, NULL, '2023-01-30'),
(23, 11720, 40, NULL, '2023-01-30'),
(23, 11720, 41, NULL, '2023-01-30'),
(23, 11720, 42, NULL, '2023-01-30'),
(23, 11720, 43, NULL, '2023-01-30'),
(23, 11720, 44, NULL, '2023-01-30'),
(23, 11720, 45, NULL, '2023-01-30'),
(23, 11720, 46, NULL, '2023-01-30'),
(23, 11720, 47, NULL, '2023-01-30'),
(23, 11720, 48, NULL, '2023-01-30'),
(23, 11720, 49, NULL, '2023-01-30'),
(23, 11720, 50, NULL, '2023-01-30'),
(24, 11750, 1, NULL, '2023-01-30'),
(24, 11750, 2, NULL, '2023-01-30'),
(24, 11750, 3, NULL, '2023-01-30'),
(24, 11750, 4, NULL, '2023-01-30'),
(24, 11750, 5, NULL, '2023-01-30'),
(24, 11750, 6, NULL, '2023-01-30'),
(24, 11750, 7, NULL, '2023-01-30'),
(24, 11750, 8, NULL, '2023-01-30'),
(24, 11750, 9, NULL, '2023-01-30'),
(24, 11750, 10, NULL, '2023-01-30'),
(24, 11750, 11, NULL, '2023-01-30'),
(24, 11750, 12, NULL, '2023-01-30'),
(24, 11750, 13, NULL, '2023-01-30'),
(24, 11750, 14, NULL, '2023-01-30'),
(24, 11750, 15, NULL, '2023-01-30'),
(24, 11750, 16, NULL, '2023-01-30'),
(24, 11750, 17, NULL, '2023-01-30'),
(24, 11750, 18, NULL, '2023-01-30'),
(24, 11750, 19, NULL, '2023-01-30'),
(24, 11750, 20, NULL, '2023-01-30'),
(24, 11750, 21, NULL, '2023-01-30'),
(24, 11750, 22, NULL, '2023-01-30'),
(24, 11750, 23, NULL, '2023-01-30'),
(24, 11750, 24, NULL, '2023-01-30'),
(24, 11750, 25, NULL, '2023-01-30'),
(24, 11750, 26, NULL, '2023-01-30'),
(24, 11750, 27, NULL, '2023-01-30'),
(24, 11750, 28, NULL, '2023-01-30'),
(24, 11750, 29, NULL, '2023-01-30'),
(24, 11750, 30, NULL, '2023-01-30'),
(24, 11750, 31, NULL, '2023-01-30'),
(24, 11750, 32, NULL, '2023-01-30'),
(24, 11750, 33, NULL, '2023-01-30'),
(24, 11750, 34, NULL, '2023-01-30'),
(24, 11750, 35, NULL, '2023-01-30'),
(24, 11750, 36, NULL, '2023-01-30'),
(24, 11750, 37, NULL, '2023-01-30'),
(24, 11750, 38, NULL, '2023-01-30'),
(24, 11750, 39, NULL, '2023-01-30'),
(24, 11750, 40, NULL, '2023-01-30'),
(24, 11750, 41, NULL, '2023-01-30'),
(24, 11750, 42, NULL, '2023-01-30'),
(24, 11750, 43, NULL, '2023-01-30'),
(24, 11750, 44, NULL, '2023-01-30'),
(24, 11750, 45, NULL, '2023-01-30'),
(24, 11750, 46, NULL, '2023-01-30'),
(24, 11750, 47, NULL, '2023-01-30'),
(24, 11750, 48, NULL, '2023-01-30'),
(24, 11750, 49, NULL, '2023-01-30'),
(24, 11750, 50, NULL, '2023-01-30'),
(25, 21830, 1, NULL, '2023-01-30'),
(25, 21830, 2, NULL, '2023-01-30'),
(25, 21830, 3, NULL, '2023-01-30'),
(25, 21830, 4, NULL, '2023-01-30'),
(25, 21830, 5, NULL, '2023-01-30'),
(25, 21830, 6, NULL, '2023-01-30'),
(25, 21830, 7, NULL, '2023-01-30'),
(25, 21830, 8, NULL, '2023-01-30'),
(25, 21830, 9, NULL, '2023-01-30'),
(25, 21830, 10, NULL, '2023-01-30'),
(25, 21830, 11, NULL, '2023-01-30'),
(25, 21830, 12, NULL, '2023-01-30'),
(25, 21830, 13, NULL, '2023-01-30'),
(25, 21830, 14, NULL, '2023-01-30'),
(25, 21830, 15, NULL, '2023-01-30'),
(25, 21830, 16, NULL, '2023-01-30'),
(25, 21830, 17, NULL, '2023-01-30'),
(25, 21830, 18, NULL, '2023-01-30'),
(25, 21830, 19, NULL, '2023-01-30'),
(25, 21830, 20, NULL, '2023-01-30'),
(25, 21830, 21, NULL, '2023-01-30'),
(25, 21830, 22, NULL, '2023-01-30'),
(25, 21830, 23, NULL, '2023-01-30'),
(25, 21830, 24, NULL, '2023-01-30'),
(25, 21830, 25, NULL, '2023-01-30'),
(25, 21830, 26, NULL, '2023-01-30'),
(25, 21830, 27, NULL, '2023-01-30'),
(25, 21830, 28, NULL, '2023-01-30'),
(25, 21830, 29, NULL, '2023-01-30'),
(25, 21830, 30, NULL, '2023-01-30'),
(25, 21830, 31, NULL, '2023-01-30'),
(25, 21830, 32, NULL, '2023-01-30'),
(25, 21830, 33, NULL, '2023-01-30'),
(25, 21830, 34, NULL, '2023-01-30'),
(25, 21830, 35, NULL, '2023-01-30'),
(25, 21830, 36, NULL, '2023-01-30'),
(25, 21830, 37, NULL, '2023-01-30'),
(25, 21830, 38, NULL, '2023-01-30'),
(25, 21830, 39, NULL, '2023-01-30'),
(25, 21830, 40, NULL, '2023-01-30'),
(25, 21830, 41, NULL, '2023-01-30'),
(25, 21830, 42, NULL, '2023-01-30'),
(25, 21830, 43, NULL, '2023-01-30'),
(25, 21830, 44, NULL, '2023-01-30'),
(25, 21830, 45, NULL, '2023-01-30'),
(25, 21830, 46, NULL, '2023-01-30'),
(25, 21830, 47, NULL, '2023-01-30'),
(25, 21830, 48, NULL, '2023-01-30'),
(25, 21830, 49, NULL, '2023-01-30'),
(25, 21830, 50, NULL, '2023-01-30'),
(26, 11940, 1, NULL, '2023-01-30'),
(26, 11940, 2, NULL, '2023-01-30'),
(26, 11940, 3, NULL, '2023-01-30'),
(26, 11940, 4, NULL, '2023-01-30'),
(26, 11940, 5, NULL, '2023-01-30'),
(26, 11940, 6, NULL, '2023-01-30'),
(26, 11940, 7, NULL, '2023-01-30'),
(26, 11940, 8, NULL, '2023-01-30'),
(26, 11940, 9, NULL, '2023-01-30'),
(26, 11940, 10, NULL, '2023-01-30'),
(26, 11940, 11, NULL, '2023-01-30'),
(26, 11940, 12, NULL, '2023-01-30'),
(26, 11940, 13, NULL, '2023-01-30'),
(26, 11940, 14, NULL, '2023-01-30'),
(26, 11940, 15, NULL, '2023-01-30'),
(26, 11940, 16, NULL, '2023-01-30'),
(26, 11940, 17, NULL, '2023-01-30'),
(26, 11940, 18, NULL, '2023-01-30'),
(26, 11940, 19, NULL, '2023-01-30'),
(26, 11940, 20, NULL, '2023-01-30'),
(26, 11940, 21, NULL, '2023-01-30'),
(26, 11940, 22, NULL, '2023-01-30'),
(26, 11940, 23, NULL, '2023-01-30'),
(26, 11940, 24, NULL, '2023-01-30'),
(26, 11940, 25, NULL, '2023-01-30'),
(26, 11940, 26, NULL, '2023-01-30'),
(26, 11940, 27, NULL, '2023-01-30'),
(26, 11940, 28, NULL, '2023-01-30'),
(26, 11940, 29, NULL, '2023-01-30'),
(26, 11940, 30, NULL, '2023-01-30'),
(26, 11940, 31, NULL, '2023-01-30'),
(26, 11940, 32, NULL, '2023-01-30'),
(26, 11940, 33, NULL, '2023-01-30'),
(26, 11940, 34, NULL, '2023-01-30'),
(26, 11940, 35, NULL, '2023-01-30'),
(26, 11940, 36, NULL, '2023-01-30'),
(26, 11940, 37, NULL, '2023-01-30'),
(26, 11940, 38, NULL, '2023-01-30'),
(26, 11940, 39, NULL, '2023-01-30'),
(26, 11940, 40, NULL, '2023-01-30'),
(26, 11940, 41, NULL, '2023-01-30'),
(26, 11940, 42, NULL, '2023-01-30'),
(26, 11940, 43, NULL, '2023-01-30'),
(26, 11940, 44, NULL, '2023-01-30'),
(26, 11940, 45, NULL, '2023-01-30'),
(26, 11940, 46, NULL, '2023-01-30'),
(26, 11940, 47, NULL, '2023-01-30'),
(26, 11940, 48, NULL, '2023-01-30'),
(26, 11940, 49, NULL, '2023-01-30'),
(26, 11940, 50, NULL, '2023-01-30'),
(27, 22020, 1, NULL, '2023-01-30'),
(27, 22020, 2, NULL, '2023-01-30'),
(27, 22020, 3, NULL, '2023-01-30'),
(27, 22020, 4, NULL, '2023-01-30'),
(27, 22020, 5, NULL, '2023-01-30'),
(27, 22020, 6, NULL, '2023-01-30'),
(27, 22020, 7, NULL, '2023-01-30'),
(27, 22020, 8, NULL, '2023-01-30'),
(27, 22020, 9, NULL, '2023-01-30'),
(27, 22020, 10, NULL, '2023-01-30'),
(27, 22020, 11, NULL, '2023-01-30'),
(27, 22020, 12, NULL, '2023-01-30'),
(27, 22020, 13, NULL, '2023-01-30'),
(27, 22020, 14, NULL, '2023-01-30'),
(27, 22020, 15, NULL, '2023-01-30'),
(27, 22020, 16, NULL, '2023-01-30'),
(27, 22020, 17, NULL, '2023-01-30'),
(27, 22020, 18, NULL, '2023-01-30'),
(27, 22020, 19, NULL, '2023-01-30'),
(27, 22020, 20, NULL, '2023-01-30'),
(27, 22020, 21, NULL, '2023-01-30'),
(27, 22020, 22, NULL, '2023-01-30'),
(27, 22020, 23, NULL, '2023-01-30'),
(27, 22020, 24, NULL, '2023-01-30'),
(27, 22020, 25, NULL, '2023-01-30'),
(27, 22020, 26, NULL, '2023-01-30'),
(27, 22020, 27, NULL, '2023-01-30'),
(27, 22020, 28, NULL, '2023-01-30'),
(27, 22020, 29, NULL, '2023-01-30'),
(27, 22020, 30, NULL, '2023-01-30'),
(27, 22020, 31, NULL, '2023-01-30'),
(27, 22020, 32, NULL, '2023-01-30'),
(27, 22020, 33, NULL, '2023-01-30'),
(27, 22020, 34, NULL, '2023-01-30'),
(27, 22020, 35, NULL, '2023-01-30'),
(27, 22020, 36, NULL, '2023-01-30'),
(27, 22020, 37, NULL, '2023-01-30'),
(27, 22020, 38, NULL, '2023-01-30'),
(27, 22020, 39, NULL, '2023-01-30'),
(27, 22020, 40, NULL, '2023-01-30'),
(27, 22020, 41, NULL, '2023-01-30'),
(27, 22020, 42, NULL, '2023-01-30'),
(27, 22020, 43, NULL, '2023-01-30'),
(27, 22020, 44, NULL, '2023-01-30'),
(27, 22020, 45, NULL, '2023-01-30'),
(27, 22020, 46, NULL, '2023-01-30'),
(27, 22020, 47, NULL, '2023-01-30'),
(27, 22020, 48, NULL, '2023-01-30'),
(27, 22020, 49, NULL, '2023-01-30'),
(27, 22020, 50, NULL, '2023-01-30'),
(28, 12100, 1, NULL, '2023-01-30'),
(28, 12100, 2, NULL, '2023-01-30'),
(28, 12100, 3, NULL, '2023-01-30'),
(28, 12100, 4, NULL, '2023-01-30'),
(28, 12100, 5, NULL, '2023-01-30'),
(28, 12100, 6, NULL, '2023-01-30'),
(28, 12100, 7, NULL, '2023-01-30'),
(28, 12100, 8, NULL, '2023-01-30'),
(28, 12100, 9, NULL, '2023-01-30'),
(28, 12100, 10, NULL, '2023-01-30'),
(28, 12100, 11, NULL, '2023-01-30'),
(28, 12100, 12, NULL, '2023-01-30'),
(28, 12100, 13, NULL, '2023-01-30'),
(28, 12100, 14, NULL, '2023-01-30'),
(28, 12100, 15, NULL, '2023-01-30'),
(28, 12100, 16, NULL, '2023-01-30'),
(28, 12100, 17, NULL, '2023-01-30'),
(28, 12100, 18, NULL, '2023-01-30'),
(28, 12100, 19, NULL, '2023-01-30'),
(28, 12100, 20, NULL, '2023-01-30'),
(28, 12100, 21, NULL, '2023-01-30'),
(28, 12100, 22, NULL, '2023-01-30'),
(28, 12100, 23, NULL, '2023-01-30'),
(28, 12100, 24, NULL, '2023-01-30'),
(28, 12100, 25, NULL, '2023-01-30'),
(28, 12100, 26, NULL, '2023-01-30'),
(28, 12100, 27, NULL, '2023-01-30'),
(28, 12100, 28, NULL, '2023-01-30'),
(28, 12100, 29, NULL, '2023-01-30'),
(28, 12100, 30, NULL, '2023-01-30'),
(28, 12100, 31, NULL, '2023-01-30'),
(28, 12100, 32, NULL, '2023-01-30'),
(28, 12100, 33, NULL, '2023-01-30'),
(28, 12100, 34, NULL, '2023-01-30'),
(28, 12100, 35, NULL, '2023-01-30'),
(28, 12100, 36, NULL, '2023-01-30'),
(28, 12100, 37, NULL, '2023-01-30'),
(28, 12100, 38, NULL, '2023-01-30'),
(28, 12100, 39, NULL, '2023-01-30'),
(28, 12100, 40, NULL, '2023-01-30'),
(28, 12100, 41, NULL, '2023-01-30'),
(28, 12100, 42, NULL, '2023-01-30'),
(28, 12100, 43, NULL, '2023-01-30'),
(28, 12100, 44, NULL, '2023-01-30'),
(28, 12100, 45, NULL, '2023-01-30'),
(28, 12100, 46, NULL, '2023-01-30'),
(28, 12100, 47, NULL, '2023-01-30'),
(28, 12100, 48, NULL, '2023-01-30'),
(28, 12100, 49, NULL, '2023-01-30'),
(28, 12100, 50, NULL, '2023-01-30'),
(29, 22140, 1, NULL, '2023-01-30'),
(29, 22140, 2, NULL, '2023-01-30'),
(29, 22140, 3, NULL, '2023-01-30'),
(29, 22140, 4, NULL, '2023-01-30'),
(29, 22140, 5, NULL, '2023-01-30'),
(29, 22140, 6, NULL, '2023-01-30'),
(29, 22140, 7, NULL, '2023-01-30'),
(29, 22140, 8, NULL, '2023-01-30'),
(29, 22140, 9, NULL, '2023-01-30'),
(29, 22140, 10, NULL, '2023-01-30'),
(29, 22140, 11, NULL, '2023-01-30'),
(29, 22140, 12, NULL, '2023-01-30'),
(29, 22140, 13, NULL, '2023-01-30'),
(29, 22140, 14, NULL, '2023-01-30'),
(29, 22140, 15, NULL, '2023-01-30'),
(29, 22140, 16, NULL, '2023-01-30'),
(29, 22140, 17, NULL, '2023-01-30'),
(29, 22140, 18, NULL, '2023-01-30'),
(29, 22140, 19, NULL, '2023-01-30'),
(29, 22140, 20, NULL, '2023-01-30'),
(29, 22140, 21, NULL, '2023-01-30'),
(29, 22140, 22, NULL, '2023-01-30'),
(29, 22140, 23, NULL, '2023-01-30'),
(29, 22140, 24, NULL, '2023-01-30'),
(29, 22140, 25, NULL, '2023-01-30'),
(29, 22140, 26, NULL, '2023-01-30'),
(29, 22140, 27, NULL, '2023-01-30'),
(29, 22140, 28, NULL, '2023-01-30'),
(29, 22140, 29, NULL, '2023-01-30'),
(29, 22140, 30, NULL, '2023-01-30'),
(29, 22140, 31, NULL, '2023-01-30'),
(29, 22140, 32, NULL, '2023-01-30'),
(29, 22140, 33, NULL, '2023-01-30'),
(29, 22140, 34, NULL, '2023-01-30'),
(29, 22140, 35, NULL, '2023-01-30'),
(29, 22140, 36, NULL, '2023-01-30'),
(29, 22140, 37, NULL, '2023-01-30'),
(29, 22140, 38, NULL, '2023-01-30'),
(29, 22140, 39, NULL, '2023-01-30'),
(29, 22140, 40, NULL, '2023-01-30'),
(29, 22140, 41, NULL, '2023-01-30'),
(29, 22140, 42, NULL, '2023-01-30'),
(29, 22140, 43, NULL, '2023-01-30'),
(29, 22140, 44, NULL, '2023-01-30'),
(29, 22140, 45, NULL, '2023-01-30'),
(29, 22140, 46, NULL, '2023-01-30'),
(29, 22140, 47, NULL, '2023-01-30'),
(29, 22140, 48, NULL, '2023-01-30'),
(29, 22140, 49, NULL, '2023-01-30'),
(29, 22140, 50, NULL, '2023-01-30'),
(30, 11540, 1, 12, '2023-01-31'),
(30, 11540, 2, NULL, '2023-01-31'),
(30, 11540, 3, NULL, '2023-01-31'),
(30, 11540, 4, NULL, '2023-01-31'),
(30, 11540, 5, NULL, '2023-01-31'),
(30, 11540, 6, NULL, '2023-01-31'),
(30, 11540, 7, NULL, '2023-01-31'),
(30, 11540, 8, NULL, '2023-01-31'),
(30, 11540, 9, NULL, '2023-01-31'),
(30, 11540, 10, NULL, '2023-01-31'),
(30, 11540, 11, NULL, '2023-01-31'),
(30, 11540, 12, NULL, '2023-01-31'),
(30, 11540, 13, NULL, '2023-01-31'),
(30, 11540, 14, NULL, '2023-01-31'),
(30, 11540, 15, NULL, '2023-01-31'),
(30, 11540, 16, NULL, '2023-01-31'),
(30, 11540, 17, NULL, '2023-01-31'),
(30, 11540, 18, NULL, '2023-01-31'),
(30, 11540, 19, NULL, '2023-01-31'),
(30, 11540, 20, NULL, '2023-01-31'),
(30, 11540, 21, NULL, '2023-01-31'),
(30, 11540, 22, NULL, '2023-01-31'),
(30, 11540, 23, NULL, '2023-01-31'),
(30, 11540, 24, NULL, '2023-01-31'),
(30, 11540, 25, NULL, '2023-01-31'),
(30, 11540, 26, NULL, '2023-01-31'),
(30, 11540, 27, NULL, '2023-01-31'),
(30, 11540, 28, NULL, '2023-01-31'),
(30, 11540, 29, NULL, '2023-01-31'),
(30, 11540, 30, NULL, '2023-01-31'),
(30, 11540, 31, NULL, '2023-01-31'),
(30, 11540, 32, NULL, '2023-01-31'),
(30, 11540, 33, NULL, '2023-01-31'),
(30, 11540, 34, NULL, '2023-01-31'),
(30, 11540, 35, NULL, '2023-01-31'),
(30, 11540, 36, NULL, '2023-01-31'),
(30, 11540, 37, NULL, '2023-01-31'),
(30, 11540, 38, NULL, '2023-01-31'),
(30, 11540, 39, NULL, '2023-01-31'),
(30, 11540, 40, NULL, '2023-01-31'),
(30, 11540, 41, NULL, '2023-01-31'),
(30, 11540, 42, NULL, '2023-01-31'),
(30, 11540, 43, NULL, '2023-01-31'),
(30, 11540, 44, NULL, '2023-01-31'),
(30, 11540, 45, NULL, '2023-01-31'),
(30, 11540, 46, NULL, '2023-01-31'),
(30, 11540, 47, NULL, '2023-01-31'),
(30, 11540, 48, NULL, '2023-01-31'),
(30, 11540, 49, NULL, '2023-01-31'),
(30, 11540, 50, NULL, '2023-01-31'),
(31, 21615, 1, NULL, '2023-01-31'),
(31, 21615, 2, NULL, '2023-01-31'),
(31, 21615, 3, NULL, '2023-01-31'),
(31, 21615, 4, NULL, '2023-01-31'),
(31, 21615, 5, NULL, '2023-01-31'),
(31, 21615, 6, NULL, '2023-01-31'),
(31, 21615, 7, NULL, '2023-01-31'),
(31, 21615, 8, NULL, '2023-01-31'),
(31, 21615, 9, NULL, '2023-01-31'),
(31, 21615, 10, NULL, '2023-01-31'),
(31, 21615, 11, NULL, '2023-01-31'),
(31, 21615, 12, NULL, '2023-01-31'),
(31, 21615, 13, NULL, '2023-01-31'),
(31, 21615, 14, NULL, '2023-01-31'),
(31, 21615, 15, NULL, '2023-01-31'),
(31, 21615, 16, NULL, '2023-01-31'),
(31, 21615, 17, NULL, '2023-01-31'),
(31, 21615, 18, NULL, '2023-01-31'),
(31, 21615, 19, NULL, '2023-01-31'),
(31, 21615, 20, NULL, '2023-01-31'),
(31, 21615, 21, NULL, '2023-01-31'),
(31, 21615, 22, NULL, '2023-01-31'),
(31, 21615, 23, NULL, '2023-01-31'),
(31, 21615, 24, NULL, '2023-01-31'),
(31, 21615, 25, NULL, '2023-01-31'),
(31, 21615, 26, NULL, '2023-01-31'),
(31, 21615, 27, NULL, '2023-01-31'),
(31, 21615, 28, NULL, '2023-01-31'),
(31, 21615, 29, NULL, '2023-01-31'),
(31, 21615, 30, NULL, '2023-01-31'),
(31, 21615, 31, NULL, '2023-01-31'),
(31, 21615, 32, NULL, '2023-01-31'),
(31, 21615, 33, NULL, '2023-01-31'),
(31, 21615, 34, NULL, '2023-01-31'),
(31, 21615, 35, NULL, '2023-01-31'),
(31, 21615, 36, NULL, '2023-01-31'),
(31, 21615, 37, NULL, '2023-01-31'),
(31, 21615, 38, NULL, '2023-01-31'),
(31, 21615, 39, NULL, '2023-01-31'),
(31, 21615, 40, NULL, '2023-01-31'),
(31, 21615, 41, NULL, '2023-01-31'),
(31, 21615, 42, NULL, '2023-01-31'),
(31, 21615, 43, NULL, '2023-01-31'),
(31, 21615, 44, NULL, '2023-01-31'),
(31, 21615, 45, NULL, '2023-01-31'),
(31, 21615, 46, NULL, '2023-01-31'),
(31, 21615, 47, NULL, '2023-01-31'),
(31, 21615, 48, NULL, '2023-01-31'),
(31, 21615, 49, NULL, '2023-01-31'),
(31, 21615, 50, NULL, '2023-01-31'),
(32, 21655, 1, NULL, '2023-01-31'),
(32, 21655, 2, NULL, '2023-01-31'),
(32, 21655, 3, NULL, '2023-01-31'),
(32, 21655, 4, NULL, '2023-01-31'),
(32, 21655, 5, NULL, '2023-01-31'),
(32, 21655, 6, NULL, '2023-01-31'),
(32, 21655, 7, NULL, '2023-01-31'),
(32, 21655, 8, NULL, '2023-01-31'),
(32, 21655, 9, NULL, '2023-01-31'),
(32, 21655, 10, NULL, '2023-01-31'),
(32, 21655, 11, NULL, '2023-01-31'),
(32, 21655, 12, NULL, '2023-01-31'),
(32, 21655, 13, NULL, '2023-01-31'),
(32, 21655, 14, NULL, '2023-01-31'),
(32, 21655, 15, NULL, '2023-01-31'),
(32, 21655, 16, NULL, '2023-01-31'),
(32, 21655, 17, NULL, '2023-01-31'),
(32, 21655, 18, NULL, '2023-01-31'),
(32, 21655, 19, NULL, '2023-01-31'),
(32, 21655, 20, NULL, '2023-01-31'),
(32, 21655, 21, NULL, '2023-01-31'),
(32, 21655, 22, NULL, '2023-01-31'),
(32, 21655, 23, NULL, '2023-01-31'),
(32, 21655, 24, NULL, '2023-01-31'),
(32, 21655, 25, NULL, '2023-01-31'),
(32, 21655, 26, NULL, '2023-01-31'),
(32, 21655, 27, NULL, '2023-01-31'),
(32, 21655, 28, NULL, '2023-01-31'),
(32, 21655, 29, NULL, '2023-01-31'),
(32, 21655, 30, NULL, '2023-01-31'),
(32, 21655, 31, NULL, '2023-01-31'),
(32, 21655, 32, NULL, '2023-01-31'),
(32, 21655, 33, NULL, '2023-01-31'),
(32, 21655, 34, NULL, '2023-01-31'),
(32, 21655, 35, NULL, '2023-01-31'),
(32, 21655, 36, NULL, '2023-01-31'),
(32, 21655, 37, NULL, '2023-01-31'),
(32, 21655, 38, NULL, '2023-01-31'),
(32, 21655, 39, NULL, '2023-01-31'),
(32, 21655, 40, NULL, '2023-01-31'),
(32, 21655, 41, NULL, '2023-01-31'),
(32, 21655, 42, NULL, '2023-01-31'),
(32, 21655, 43, NULL, '2023-01-31'),
(32, 21655, 44, NULL, '2023-01-31'),
(32, 21655, 45, NULL, '2023-01-31'),
(32, 21655, 46, NULL, '2023-01-31'),
(32, 21655, 47, NULL, '2023-01-31'),
(32, 21655, 48, NULL, '2023-01-31'),
(32, 21655, 49, NULL, '2023-01-31'),
(32, 21655, 50, NULL, '2023-01-31'),
(33, 11720, 1, NULL, '2023-01-31'),
(33, 11720, 2, NULL, '2023-01-31'),
(33, 11720, 3, NULL, '2023-01-31'),
(33, 11720, 4, NULL, '2023-01-31'),
(33, 11720, 5, NULL, '2023-01-31'),
(33, 11720, 6, NULL, '2023-01-31'),
(33, 11720, 7, NULL, '2023-01-31'),
(33, 11720, 8, NULL, '2023-01-31'),
(33, 11720, 9, NULL, '2023-01-31'),
(33, 11720, 10, NULL, '2023-01-31'),
(33, 11720, 11, NULL, '2023-01-31'),
(33, 11720, 12, NULL, '2023-01-31'),
(33, 11720, 13, NULL, '2023-01-31'),
(33, 11720, 14, NULL, '2023-01-31'),
(33, 11720, 15, NULL, '2023-01-31'),
(33, 11720, 16, NULL, '2023-01-31'),
(33, 11720, 17, NULL, '2023-01-31'),
(33, 11720, 18, NULL, '2023-01-31'),
(33, 11720, 19, NULL, '2023-01-31'),
(33, 11720, 20, NULL, '2023-01-31'),
(33, 11720, 21, NULL, '2023-01-31'),
(33, 11720, 22, NULL, '2023-01-31'),
(33, 11720, 23, NULL, '2023-01-31'),
(33, 11720, 24, NULL, '2023-01-31'),
(33, 11720, 25, NULL, '2023-01-31'),
(33, 11720, 26, NULL, '2023-01-31'),
(33, 11720, 27, NULL, '2023-01-31'),
(33, 11720, 28, NULL, '2023-01-31'),
(33, 11720, 29, NULL, '2023-01-31'),
(33, 11720, 30, NULL, '2023-01-31'),
(33, 11720, 31, NULL, '2023-01-31'),
(33, 11720, 32, NULL, '2023-01-31'),
(33, 11720, 33, NULL, '2023-01-31'),
(33, 11720, 34, NULL, '2023-01-31'),
(33, 11720, 35, NULL, '2023-01-31'),
(33, 11720, 36, NULL, '2023-01-31'),
(33, 11720, 37, NULL, '2023-01-31'),
(33, 11720, 38, NULL, '2023-01-31'),
(33, 11720, 39, NULL, '2023-01-31'),
(33, 11720, 40, NULL, '2023-01-31'),
(33, 11720, 41, NULL, '2023-01-31'),
(33, 11720, 42, NULL, '2023-01-31'),
(33, 11720, 43, NULL, '2023-01-31'),
(33, 11720, 44, NULL, '2023-01-31'),
(33, 11720, 45, NULL, '2023-01-31'),
(33, 11720, 46, NULL, '2023-01-31'),
(33, 11720, 47, NULL, '2023-01-31'),
(33, 11720, 48, NULL, '2023-01-31'),
(33, 11720, 49, NULL, '2023-01-31'),
(33, 11720, 50, NULL, '2023-01-31'),
(34, 11750, 1, NULL, '2023-01-31'),
(34, 11750, 2, NULL, '2023-01-31'),
(34, 11750, 3, NULL, '2023-01-31'),
(34, 11750, 4, NULL, '2023-01-31'),
(34, 11750, 5, NULL, '2023-01-31'),
(34, 11750, 6, NULL, '2023-01-31'),
(34, 11750, 7, NULL, '2023-01-31'),
(34, 11750, 8, NULL, '2023-01-31'),
(34, 11750, 9, NULL, '2023-01-31'),
(34, 11750, 10, NULL, '2023-01-31'),
(34, 11750, 11, NULL, '2023-01-31'),
(34, 11750, 12, NULL, '2023-01-31'),
(34, 11750, 13, NULL, '2023-01-31'),
(34, 11750, 14, NULL, '2023-01-31'),
(34, 11750, 15, NULL, '2023-01-31'),
(34, 11750, 16, NULL, '2023-01-31'),
(34, 11750, 17, NULL, '2023-01-31'),
(34, 11750, 18, NULL, '2023-01-31'),
(34, 11750, 19, NULL, '2023-01-31'),
(34, 11750, 20, NULL, '2023-01-31'),
(34, 11750, 21, NULL, '2023-01-31'),
(34, 11750, 22, NULL, '2023-01-31'),
(34, 11750, 23, NULL, '2023-01-31'),
(34, 11750, 24, NULL, '2023-01-31'),
(34, 11750, 25, NULL, '2023-01-31'),
(34, 11750, 26, NULL, '2023-01-31'),
(34, 11750, 27, NULL, '2023-01-31'),
(34, 11750, 28, NULL, '2023-01-31'),
(34, 11750, 29, NULL, '2023-01-31'),
(34, 11750, 30, NULL, '2023-01-31'),
(34, 11750, 31, NULL, '2023-01-31'),
(34, 11750, 32, NULL, '2023-01-31'),
(34, 11750, 33, NULL, '2023-01-31'),
(34, 11750, 34, NULL, '2023-01-31'),
(34, 11750, 35, NULL, '2023-01-31'),
(34, 11750, 36, NULL, '2023-01-31'),
(34, 11750, 37, NULL, '2023-01-31'),
(34, 11750, 38, NULL, '2023-01-31'),
(34, 11750, 39, NULL, '2023-01-31'),
(34, 11750, 40, NULL, '2023-01-31'),
(34, 11750, 41, NULL, '2023-01-31'),
(34, 11750, 42, NULL, '2023-01-31'),
(34, 11750, 43, NULL, '2023-01-31'),
(34, 11750, 44, NULL, '2023-01-31'),
(34, 11750, 45, NULL, '2023-01-31'),
(34, 11750, 46, NULL, '2023-01-31'),
(34, 11750, 47, NULL, '2023-01-31'),
(34, 11750, 48, NULL, '2023-01-31'),
(34, 11750, 49, NULL, '2023-01-31'),
(34, 11750, 50, NULL, '2023-01-31'),
(35, 21830, 1, NULL, '2023-01-31'),
(35, 21830, 2, NULL, '2023-01-31'),
(35, 21830, 3, NULL, '2023-01-31'),
(35, 21830, 4, NULL, '2023-01-31'),
(35, 21830, 5, NULL, '2023-01-31'),
(35, 21830, 6, NULL, '2023-01-31'),
(35, 21830, 7, NULL, '2023-01-31'),
(35, 21830, 8, NULL, '2023-01-31'),
(35, 21830, 9, NULL, '2023-01-31'),
(35, 21830, 10, NULL, '2023-01-31'),
(35, 21830, 11, NULL, '2023-01-31'),
(35, 21830, 12, NULL, '2023-01-31'),
(35, 21830, 13, NULL, '2023-01-31'),
(35, 21830, 14, NULL, '2023-01-31'),
(35, 21830, 15, NULL, '2023-01-31'),
(35, 21830, 16, NULL, '2023-01-31'),
(35, 21830, 17, NULL, '2023-01-31'),
(35, 21830, 18, NULL, '2023-01-31'),
(35, 21830, 19, NULL, '2023-01-31'),
(35, 21830, 20, NULL, '2023-01-31'),
(35, 21830, 21, NULL, '2023-01-31'),
(35, 21830, 22, NULL, '2023-01-31'),
(35, 21830, 23, NULL, '2023-01-31'),
(35, 21830, 24, NULL, '2023-01-31'),
(35, 21830, 25, NULL, '2023-01-31'),
(35, 21830, 26, NULL, '2023-01-31'),
(35, 21830, 27, NULL, '2023-01-31'),
(35, 21830, 28, NULL, '2023-01-31'),
(35, 21830, 29, NULL, '2023-01-31'),
(35, 21830, 30, NULL, '2023-01-31'),
(35, 21830, 31, NULL, '2023-01-31'),
(35, 21830, 32, NULL, '2023-01-31'),
(35, 21830, 33, NULL, '2023-01-31'),
(35, 21830, 34, NULL, '2023-01-31'),
(35, 21830, 35, NULL, '2023-01-31'),
(35, 21830, 36, NULL, '2023-01-31'),
(35, 21830, 37, NULL, '2023-01-31'),
(35, 21830, 38, NULL, '2023-01-31'),
(35, 21830, 39, NULL, '2023-01-31'),
(35, 21830, 40, NULL, '2023-01-31'),
(35, 21830, 41, NULL, '2023-01-31'),
(35, 21830, 42, NULL, '2023-01-31'),
(35, 21830, 43, NULL, '2023-01-31'),
(35, 21830, 44, NULL, '2023-01-31'),
(35, 21830, 45, NULL, '2023-01-31'),
(35, 21830, 46, NULL, '2023-01-31'),
(35, 21830, 47, NULL, '2023-01-31'),
(35, 21830, 48, NULL, '2023-01-31'),
(35, 21830, 49, NULL, '2023-01-31'),
(35, 21830, 50, NULL, '2023-01-31'),
(36, 11940, 1, NULL, '2023-01-31'),
(36, 11940, 2, NULL, '2023-01-31'),
(36, 11940, 3, NULL, '2023-01-31'),
(36, 11940, 4, NULL, '2023-01-31'),
(36, 11940, 5, NULL, '2023-01-31'),
(36, 11940, 6, NULL, '2023-01-31'),
(36, 11940, 7, NULL, '2023-01-31'),
(36, 11940, 8, NULL, '2023-01-31'),
(36, 11940, 9, NULL, '2023-01-31'),
(36, 11940, 10, NULL, '2023-01-31'),
(36, 11940, 11, NULL, '2023-01-31'),
(36, 11940, 12, NULL, '2023-01-31'),
(36, 11940, 13, NULL, '2023-01-31'),
(36, 11940, 14, NULL, '2023-01-31'),
(36, 11940, 15, NULL, '2023-01-31'),
(36, 11940, 16, NULL, '2023-01-31'),
(36, 11940, 17, NULL, '2023-01-31'),
(36, 11940, 18, NULL, '2023-01-31'),
(36, 11940, 19, NULL, '2023-01-31'),
(36, 11940, 20, NULL, '2023-01-31'),
(36, 11940, 21, NULL, '2023-01-31'),
(36, 11940, 22, NULL, '2023-01-31'),
(36, 11940, 23, NULL, '2023-01-31'),
(36, 11940, 24, NULL, '2023-01-31'),
(36, 11940, 25, NULL, '2023-01-31'),
(36, 11940, 26, NULL, '2023-01-31'),
(36, 11940, 27, NULL, '2023-01-31'),
(36, 11940, 28, NULL, '2023-01-31'),
(36, 11940, 29, NULL, '2023-01-31'),
(36, 11940, 30, NULL, '2023-01-31'),
(36, 11940, 31, NULL, '2023-01-31'),
(36, 11940, 32, NULL, '2023-01-31'),
(36, 11940, 33, NULL, '2023-01-31'),
(36, 11940, 34, NULL, '2023-01-31'),
(36, 11940, 35, NULL, '2023-01-31'),
(36, 11940, 36, NULL, '2023-01-31'),
(36, 11940, 37, NULL, '2023-01-31'),
(36, 11940, 38, NULL, '2023-01-31'),
(36, 11940, 39, NULL, '2023-01-31'),
(36, 11940, 40, NULL, '2023-01-31'),
(36, 11940, 41, NULL, '2023-01-31'),
(36, 11940, 42, NULL, '2023-01-31'),
(36, 11940, 43, NULL, '2023-01-31'),
(36, 11940, 44, NULL, '2023-01-31'),
(36, 11940, 45, NULL, '2023-01-31'),
(36, 11940, 46, NULL, '2023-01-31'),
(36, 11940, 47, NULL, '2023-01-31'),
(36, 11940, 48, NULL, '2023-01-31'),
(36, 11940, 49, NULL, '2023-01-31'),
(36, 11940, 50, NULL, '2023-01-31'),
(37, 22020, 1, NULL, '2023-01-31'),
(37, 22020, 2, NULL, '2023-01-31'),
(37, 22020, 3, NULL, '2023-01-31'),
(37, 22020, 4, NULL, '2023-01-31'),
(37, 22020, 5, NULL, '2023-01-31'),
(37, 22020, 6, NULL, '2023-01-31'),
(37, 22020, 7, NULL, '2023-01-31'),
(37, 22020, 8, NULL, '2023-01-31'),
(37, 22020, 9, NULL, '2023-01-31'),
(37, 22020, 10, NULL, '2023-01-31'),
(37, 22020, 11, NULL, '2023-01-31'),
(37, 22020, 12, NULL, '2023-01-31'),
(37, 22020, 13, NULL, '2023-01-31'),
(37, 22020, 14, NULL, '2023-01-31'),
(37, 22020, 15, NULL, '2023-01-31'),
(37, 22020, 16, NULL, '2023-01-31'),
(37, 22020, 17, NULL, '2023-01-31'),
(37, 22020, 18, NULL, '2023-01-31'),
(37, 22020, 19, NULL, '2023-01-31'),
(37, 22020, 20, NULL, '2023-01-31'),
(37, 22020, 21, NULL, '2023-01-31'),
(37, 22020, 22, NULL, '2023-01-31'),
(37, 22020, 23, NULL, '2023-01-31'),
(37, 22020, 24, NULL, '2023-01-31'),
(37, 22020, 25, NULL, '2023-01-31'),
(37, 22020, 26, NULL, '2023-01-31'),
(37, 22020, 27, NULL, '2023-01-31'),
(37, 22020, 28, NULL, '2023-01-31'),
(37, 22020, 29, NULL, '2023-01-31'),
(37, 22020, 30, NULL, '2023-01-31'),
(37, 22020, 31, NULL, '2023-01-31'),
(37, 22020, 32, NULL, '2023-01-31'),
(37, 22020, 33, NULL, '2023-01-31'),
(37, 22020, 34, NULL, '2023-01-31'),
(37, 22020, 35, NULL, '2023-01-31'),
(37, 22020, 36, NULL, '2023-01-31'),
(37, 22020, 37, NULL, '2023-01-31'),
(37, 22020, 38, NULL, '2023-01-31'),
(37, 22020, 39, NULL, '2023-01-31'),
(37, 22020, 40, NULL, '2023-01-31'),
(37, 22020, 41, NULL, '2023-01-31'),
(37, 22020, 42, NULL, '2023-01-31'),
(37, 22020, 43, NULL, '2023-01-31'),
(37, 22020, 44, NULL, '2023-01-31'),
(37, 22020, 45, NULL, '2023-01-31'),
(37, 22020, 46, NULL, '2023-01-31'),
(37, 22020, 47, NULL, '2023-01-31'),
(37, 22020, 48, NULL, '2023-01-31'),
(37, 22020, 49, NULL, '2023-01-31'),
(37, 22020, 50, NULL, '2023-01-31'),
(38, 12100, 1, NULL, '2023-01-31'),
(38, 12100, 2, NULL, '2023-01-31'),
(38, 12100, 3, NULL, '2023-01-31'),
(38, 12100, 4, NULL, '2023-01-31'),
(38, 12100, 5, NULL, '2023-01-31'),
(38, 12100, 6, NULL, '2023-01-31'),
(38, 12100, 7, NULL, '2023-01-31'),
(38, 12100, 8, NULL, '2023-01-31'),
(38, 12100, 9, NULL, '2023-01-31'),
(38, 12100, 10, NULL, '2023-01-31'),
(38, 12100, 11, NULL, '2023-01-31'),
(38, 12100, 12, NULL, '2023-01-31'),
(38, 12100, 13, NULL, '2023-01-31'),
(38, 12100, 14, NULL, '2023-01-31'),
(38, 12100, 15, NULL, '2023-01-31'),
(38, 12100, 16, NULL, '2023-01-31'),
(38, 12100, 17, NULL, '2023-01-31'),
(38, 12100, 18, NULL, '2023-01-31'),
(38, 12100, 19, NULL, '2023-01-31'),
(38, 12100, 20, NULL, '2023-01-31'),
(38, 12100, 21, NULL, '2023-01-31'),
(38, 12100, 22, NULL, '2023-01-31'),
(38, 12100, 23, NULL, '2023-01-31'),
(38, 12100, 24, NULL, '2023-01-31'),
(38, 12100, 25, NULL, '2023-01-31'),
(38, 12100, 26, NULL, '2023-01-31'),
(38, 12100, 27, NULL, '2023-01-31'),
(38, 12100, 28, NULL, '2023-01-31'),
(38, 12100, 29, NULL, '2023-01-31'),
(38, 12100, 30, NULL, '2023-01-31'),
(38, 12100, 31, NULL, '2023-01-31'),
(38, 12100, 32, NULL, '2023-01-31'),
(38, 12100, 33, NULL, '2023-01-31'),
(38, 12100, 34, NULL, '2023-01-31'),
(38, 12100, 35, NULL, '2023-01-31'),
(38, 12100, 36, NULL, '2023-01-31'),
(38, 12100, 37, NULL, '2023-01-31'),
(38, 12100, 38, NULL, '2023-01-31'),
(38, 12100, 39, NULL, '2023-01-31'),
(38, 12100, 40, NULL, '2023-01-31'),
(38, 12100, 41, NULL, '2023-01-31'),
(38, 12100, 42, NULL, '2023-01-31'),
(38, 12100, 43, NULL, '2023-01-31'),
(38, 12100, 44, NULL, '2023-01-31'),
(38, 12100, 45, NULL, '2023-01-31'),
(38, 12100, 46, NULL, '2023-01-31'),
(38, 12100, 47, NULL, '2023-01-31'),
(38, 12100, 48, NULL, '2023-01-31'),
(38, 12100, 49, NULL, '2023-01-31'),
(38, 12100, 50, NULL, '2023-01-31'),
(39, 22140, 1, NULL, '2023-01-31'),
(39, 22140, 2, NULL, '2023-01-31'),
(39, 22140, 3, NULL, '2023-01-31'),
(39, 22140, 4, NULL, '2023-01-31'),
(39, 22140, 5, NULL, '2023-01-31'),
(39, 22140, 6, NULL, '2023-01-31'),
(39, 22140, 7, NULL, '2023-01-31'),
(39, 22140, 8, NULL, '2023-01-31'),
(39, 22140, 9, NULL, '2023-01-31'),
(39, 22140, 10, NULL, '2023-01-31'),
(39, 22140, 11, NULL, '2023-01-31'),
(39, 22140, 12, NULL, '2023-01-31'),
(39, 22140, 13, NULL, '2023-01-31'),
(39, 22140, 14, NULL, '2023-01-31'),
(39, 22140, 15, NULL, '2023-01-31'),
(39, 22140, 16, NULL, '2023-01-31'),
(39, 22140, 17, NULL, '2023-01-31'),
(39, 22140, 18, NULL, '2023-01-31'),
(39, 22140, 19, NULL, '2023-01-31'),
(39, 22140, 20, NULL, '2023-01-31'),
(39, 22140, 21, NULL, '2023-01-31'),
(39, 22140, 22, NULL, '2023-01-31'),
(39, 22140, 23, NULL, '2023-01-31'),
(39, 22140, 24, NULL, '2023-01-31'),
(39, 22140, 25, NULL, '2023-01-31'),
(39, 22140, 26, NULL, '2023-01-31'),
(39, 22140, 27, NULL, '2023-01-31'),
(39, 22140, 28, NULL, '2023-01-31'),
(39, 22140, 29, NULL, '2023-01-31'),
(39, 22140, 30, NULL, '2023-01-31'),
(39, 22140, 31, NULL, '2023-01-31'),
(39, 22140, 32, NULL, '2023-01-31'),
(39, 22140, 33, NULL, '2023-01-31'),
(39, 22140, 34, NULL, '2023-01-31'),
(39, 22140, 35, NULL, '2023-01-31'),
(39, 22140, 36, NULL, '2023-01-31'),
(39, 22140, 37, NULL, '2023-01-31'),
(39, 22140, 38, NULL, '2023-01-31'),
(39, 22140, 39, NULL, '2023-01-31'),
(39, 22140, 40, NULL, '2023-01-31'),
(39, 22140, 41, NULL, '2023-01-31'),
(39, 22140, 42, NULL, '2023-01-31'),
(39, 22140, 43, NULL, '2023-01-31'),
(39, 22140, 44, NULL, '2023-01-31'),
(39, 22140, 45, NULL, '2023-01-31'),
(39, 22140, 46, NULL, '2023-01-31'),
(39, 22140, 47, NULL, '2023-01-31'),
(39, 22140, 48, NULL, '2023-01-31'),
(39, 22140, 49, NULL, '2023-01-31'),
(39, 22140, 50, NULL, '2023-01-31'),
(40, 11540, 1, 12, '2023-02-01'),
(40, 11540, 2, NULL, '2023-02-01'),
(40, 11540, 3, NULL, '2023-02-01'),
(40, 11540, 4, NULL, '2023-02-01'),
(40, 11540, 5, NULL, '2023-02-01'),
(40, 11540, 6, NULL, '2023-02-01'),
(40, 11540, 7, NULL, '2023-02-01'),
(40, 11540, 8, NULL, '2023-02-01'),
(40, 11540, 9, NULL, '2023-02-01'),
(40, 11540, 10, NULL, '2023-02-01'),
(40, 11540, 11, NULL, '2023-02-01'),
(40, 11540, 12, NULL, '2023-02-01'),
(40, 11540, 13, NULL, '2023-02-01'),
(40, 11540, 14, NULL, '2023-02-01'),
(40, 11540, 15, NULL, '2023-02-01'),
(40, 11540, 16, NULL, '2023-02-01'),
(40, 11540, 17, NULL, '2023-02-01'),
(40, 11540, 18, NULL, '2023-02-01'),
(40, 11540, 19, NULL, '2023-02-01'),
(40, 11540, 20, NULL, '2023-02-01'),
(40, 11540, 21, NULL, '2023-02-01'),
(40, 11540, 22, NULL, '2023-02-01'),
(40, 11540, 23, NULL, '2023-02-01'),
(40, 11540, 24, NULL, '2023-02-01'),
(40, 11540, 25, NULL, '2023-02-01'),
(40, 11540, 26, NULL, '2023-02-01'),
(40, 11540, 27, NULL, '2023-02-01'),
(40, 11540, 28, NULL, '2023-02-01'),
(40, 11540, 29, NULL, '2023-02-01'),
(40, 11540, 30, NULL, '2023-02-01'),
(40, 11540, 31, NULL, '2023-02-01'),
(40, 11540, 32, NULL, '2023-02-01'),
(40, 11540, 33, NULL, '2023-02-01'),
(40, 11540, 34, NULL, '2023-02-01'),
(40, 11540, 35, NULL, '2023-02-01'),
(40, 11540, 36, NULL, '2023-02-01'),
(40, 11540, 37, NULL, '2023-02-01'),
(40, 11540, 38, NULL, '2023-02-01'),
(40, 11540, 39, NULL, '2023-02-01'),
(40, 11540, 40, NULL, '2023-02-01'),
(40, 11540, 41, NULL, '2023-02-01'),
(40, 11540, 42, NULL, '2023-02-01'),
(40, 11540, 43, NULL, '2023-02-01'),
(40, 11540, 44, NULL, '2023-02-01'),
(40, 11540, 45, NULL, '2023-02-01'),
(40, 11540, 46, NULL, '2023-02-01'),
(40, 11540, 47, NULL, '2023-02-01'),
(40, 11540, 48, NULL, '2023-02-01'),
(40, 11540, 49, NULL, '2023-02-01'),
(40, 11540, 50, NULL, '2023-02-01'),
(41, 21615, 1, NULL, '2023-02-01'),
(41, 21615, 2, NULL, '2023-02-01'),
(41, 21615, 3, NULL, '2023-02-01'),
(41, 21615, 4, NULL, '2023-02-01'),
(41, 21615, 5, NULL, '2023-02-01'),
(41, 21615, 6, NULL, '2023-02-01'),
(41, 21615, 7, NULL, '2023-02-01'),
(41, 21615, 8, NULL, '2023-02-01'),
(41, 21615, 9, NULL, '2023-02-01'),
(41, 21615, 10, NULL, '2023-02-01'),
(41, 21615, 11, NULL, '2023-02-01'),
(41, 21615, 12, NULL, '2023-02-01'),
(41, 21615, 13, NULL, '2023-02-01'),
(41, 21615, 14, NULL, '2023-02-01'),
(41, 21615, 15, NULL, '2023-02-01'),
(41, 21615, 16, NULL, '2023-02-01'),
(41, 21615, 17, NULL, '2023-02-01'),
(41, 21615, 18, NULL, '2023-02-01'),
(41, 21615, 19, NULL, '2023-02-01'),
(41, 21615, 20, NULL, '2023-02-01'),
(41, 21615, 21, NULL, '2023-02-01'),
(41, 21615, 22, NULL, '2023-02-01'),
(41, 21615, 23, NULL, '2023-02-01'),
(41, 21615, 24, NULL, '2023-02-01'),
(41, 21615, 25, NULL, '2023-02-01'),
(41, 21615, 26, NULL, '2023-02-01'),
(41, 21615, 27, NULL, '2023-02-01'),
(41, 21615, 28, NULL, '2023-02-01'),
(41, 21615, 29, NULL, '2023-02-01'),
(41, 21615, 30, NULL, '2023-02-01'),
(41, 21615, 31, NULL, '2023-02-01'),
(41, 21615, 32, NULL, '2023-02-01'),
(41, 21615, 33, NULL, '2023-02-01'),
(41, 21615, 34, NULL, '2023-02-01'),
(41, 21615, 35, NULL, '2023-02-01'),
(41, 21615, 36, NULL, '2023-02-01'),
(41, 21615, 37, NULL, '2023-02-01'),
(41, 21615, 38, NULL, '2023-02-01'),
(41, 21615, 39, NULL, '2023-02-01'),
(41, 21615, 40, NULL, '2023-02-01'),
(41, 21615, 41, NULL, '2023-02-01'),
(41, 21615, 42, NULL, '2023-02-01'),
(41, 21615, 43, NULL, '2023-02-01'),
(41, 21615, 44, NULL, '2023-02-01'),
(41, 21615, 45, NULL, '2023-02-01'),
(41, 21615, 46, NULL, '2023-02-01'),
(41, 21615, 47, NULL, '2023-02-01'),
(41, 21615, 48, NULL, '2023-02-01'),
(41, 21615, 49, NULL, '2023-02-01'),
(41, 21615, 50, NULL, '2023-02-01'),
(42, 21655, 1, NULL, '2023-02-01'),
(42, 21655, 2, NULL, '2023-02-01'),
(42, 21655, 3, NULL, '2023-02-01'),
(42, 21655, 4, NULL, '2023-02-01'),
(42, 21655, 5, NULL, '2023-02-01'),
(42, 21655, 6, NULL, '2023-02-01'),
(42, 21655, 7, NULL, '2023-02-01'),
(42, 21655, 8, NULL, '2023-02-01'),
(42, 21655, 9, NULL, '2023-02-01'),
(42, 21655, 10, NULL, '2023-02-01'),
(42, 21655, 11, NULL, '2023-02-01'),
(42, 21655, 12, NULL, '2023-02-01'),
(42, 21655, 13, NULL, '2023-02-01'),
(42, 21655, 14, NULL, '2023-02-01'),
(42, 21655, 15, NULL, '2023-02-01'),
(42, 21655, 16, NULL, '2023-02-01'),
(42, 21655, 17, NULL, '2023-02-01'),
(42, 21655, 18, NULL, '2023-02-01'),
(42, 21655, 19, NULL, '2023-02-01'),
(42, 21655, 20, NULL, '2023-02-01'),
(42, 21655, 21, NULL, '2023-02-01'),
(42, 21655, 22, NULL, '2023-02-01'),
(42, 21655, 23, NULL, '2023-02-01'),
(42, 21655, 24, NULL, '2023-02-01'),
(42, 21655, 25, NULL, '2023-02-01'),
(42, 21655, 26, NULL, '2023-02-01'),
(42, 21655, 27, NULL, '2023-02-01'),
(42, 21655, 28, NULL, '2023-02-01'),
(42, 21655, 29, NULL, '2023-02-01'),
(42, 21655, 30, NULL, '2023-02-01'),
(42, 21655, 31, NULL, '2023-02-01'),
(42, 21655, 32, NULL, '2023-02-01'),
(42, 21655, 33, NULL, '2023-02-01'),
(42, 21655, 34, NULL, '2023-02-01'),
(42, 21655, 35, NULL, '2023-02-01'),
(42, 21655, 36, NULL, '2023-02-01'),
(42, 21655, 37, NULL, '2023-02-01'),
(42, 21655, 38, NULL, '2023-02-01'),
(42, 21655, 39, NULL, '2023-02-01'),
(42, 21655, 40, NULL, '2023-02-01'),
(42, 21655, 41, NULL, '2023-02-01'),
(42, 21655, 42, NULL, '2023-02-01'),
(42, 21655, 43, NULL, '2023-02-01'),
(42, 21655, 44, NULL, '2023-02-01'),
(42, 21655, 45, NULL, '2023-02-01'),
(42, 21655, 46, NULL, '2023-02-01'),
(42, 21655, 47, NULL, '2023-02-01'),
(42, 21655, 48, NULL, '2023-02-01'),
(42, 21655, 49, NULL, '2023-02-01'),
(42, 21655, 50, NULL, '2023-02-01'),
(43, 11720, 1, NULL, '2023-02-01'),
(43, 11720, 2, NULL, '2023-02-01'),
(43, 11720, 3, NULL, '2023-02-01'),
(43, 11720, 4, NULL, '2023-02-01'),
(43, 11720, 5, NULL, '2023-02-01'),
(43, 11720, 6, NULL, '2023-02-01'),
(43, 11720, 7, NULL, '2023-02-01'),
(43, 11720, 8, NULL, '2023-02-01'),
(43, 11720, 9, NULL, '2023-02-01'),
(43, 11720, 10, NULL, '2023-02-01'),
(43, 11720, 11, NULL, '2023-02-01'),
(43, 11720, 12, NULL, '2023-02-01'),
(43, 11720, 13, NULL, '2023-02-01'),
(43, 11720, 14, NULL, '2023-02-01'),
(43, 11720, 15, NULL, '2023-02-01'),
(43, 11720, 16, NULL, '2023-02-01'),
(43, 11720, 17, NULL, '2023-02-01'),
(43, 11720, 18, NULL, '2023-02-01'),
(43, 11720, 19, NULL, '2023-02-01'),
(43, 11720, 20, NULL, '2023-02-01'),
(43, 11720, 21, NULL, '2023-02-01'),
(43, 11720, 22, NULL, '2023-02-01'),
(43, 11720, 23, NULL, '2023-02-01'),
(43, 11720, 24, NULL, '2023-02-01'),
(43, 11720, 25, NULL, '2023-02-01'),
(43, 11720, 26, NULL, '2023-02-01'),
(43, 11720, 27, NULL, '2023-02-01'),
(43, 11720, 28, NULL, '2023-02-01'),
(43, 11720, 29, NULL, '2023-02-01'),
(43, 11720, 30, NULL, '2023-02-01'),
(43, 11720, 31, NULL, '2023-02-01'),
(43, 11720, 32, NULL, '2023-02-01'),
(43, 11720, 33, NULL, '2023-02-01'),
(43, 11720, 34, NULL, '2023-02-01'),
(43, 11720, 35, NULL, '2023-02-01'),
(43, 11720, 36, NULL, '2023-02-01'),
(43, 11720, 37, NULL, '2023-02-01'),
(43, 11720, 38, NULL, '2023-02-01'),
(43, 11720, 39, NULL, '2023-02-01'),
(43, 11720, 40, NULL, '2023-02-01'),
(43, 11720, 41, NULL, '2023-02-01'),
(43, 11720, 42, NULL, '2023-02-01'),
(43, 11720, 43, NULL, '2023-02-01'),
(43, 11720, 44, NULL, '2023-02-01'),
(43, 11720, 45, NULL, '2023-02-01'),
(43, 11720, 46, NULL, '2023-02-01'),
(43, 11720, 47, NULL, '2023-02-01'),
(43, 11720, 48, NULL, '2023-02-01'),
(43, 11720, 49, NULL, '2023-02-01'),
(43, 11720, 50, NULL, '2023-02-01'),
(44, 11750, 1, NULL, '2023-02-01'),
(44, 11750, 2, NULL, '2023-02-01'),
(44, 11750, 3, NULL, '2023-02-01'),
(44, 11750, 4, NULL, '2023-02-01'),
(44, 11750, 5, NULL, '2023-02-01'),
(44, 11750, 6, NULL, '2023-02-01'),
(44, 11750, 7, NULL, '2023-02-01'),
(44, 11750, 8, NULL, '2023-02-01'),
(44, 11750, 9, NULL, '2023-02-01'),
(44, 11750, 10, NULL, '2023-02-01'),
(44, 11750, 11, NULL, '2023-02-01'),
(44, 11750, 12, NULL, '2023-02-01'),
(44, 11750, 13, NULL, '2023-02-01'),
(44, 11750, 14, NULL, '2023-02-01'),
(44, 11750, 15, NULL, '2023-02-01'),
(44, 11750, 16, NULL, '2023-02-01'),
(44, 11750, 17, NULL, '2023-02-01'),
(44, 11750, 18, NULL, '2023-02-01'),
(44, 11750, 19, NULL, '2023-02-01'),
(44, 11750, 20, NULL, '2023-02-01'),
(44, 11750, 21, NULL, '2023-02-01'),
(44, 11750, 22, NULL, '2023-02-01'),
(44, 11750, 23, NULL, '2023-02-01'),
(44, 11750, 24, NULL, '2023-02-01'),
(44, 11750, 25, NULL, '2023-02-01'),
(44, 11750, 26, NULL, '2023-02-01'),
(44, 11750, 27, NULL, '2023-02-01'),
(44, 11750, 28, NULL, '2023-02-01'),
(44, 11750, 29, NULL, '2023-02-01'),
(44, 11750, 30, NULL, '2023-02-01'),
(44, 11750, 31, NULL, '2023-02-01'),
(44, 11750, 32, NULL, '2023-02-01'),
(44, 11750, 33, NULL, '2023-02-01'),
(44, 11750, 34, NULL, '2023-02-01'),
(44, 11750, 35, NULL, '2023-02-01'),
(44, 11750, 36, NULL, '2023-02-01'),
(44, 11750, 37, NULL, '2023-02-01'),
(44, 11750, 38, NULL, '2023-02-01'),
(44, 11750, 39, NULL, '2023-02-01'),
(44, 11750, 40, NULL, '2023-02-01'),
(44, 11750, 41, NULL, '2023-02-01'),
(44, 11750, 42, NULL, '2023-02-01'),
(44, 11750, 43, NULL, '2023-02-01'),
(44, 11750, 44, NULL, '2023-02-01'),
(44, 11750, 45, NULL, '2023-02-01'),
(44, 11750, 46, NULL, '2023-02-01'),
(44, 11750, 47, NULL, '2023-02-01'),
(44, 11750, 48, NULL, '2023-02-01'),
(44, 11750, 49, NULL, '2023-02-01'),
(44, 11750, 50, NULL, '2023-02-01'),
(45, 21830, 1, NULL, '2023-02-01'),
(45, 21830, 2, NULL, '2023-02-01'),
(45, 21830, 3, NULL, '2023-02-01'),
(45, 21830, 4, NULL, '2023-02-01'),
(45, 21830, 5, NULL, '2023-02-01'),
(45, 21830, 6, NULL, '2023-02-01'),
(45, 21830, 7, NULL, '2023-02-01'),
(45, 21830, 8, NULL, '2023-02-01'),
(45, 21830, 9, NULL, '2023-02-01'),
(45, 21830, 10, NULL, '2023-02-01'),
(45, 21830, 11, NULL, '2023-02-01'),
(45, 21830, 12, NULL, '2023-02-01'),
(45, 21830, 13, NULL, '2023-02-01'),
(45, 21830, 14, NULL, '2023-02-01'),
(45, 21830, 15, NULL, '2023-02-01'),
(45, 21830, 16, NULL, '2023-02-01'),
(45, 21830, 17, NULL, '2023-02-01'),
(45, 21830, 18, NULL, '2023-02-01'),
(45, 21830, 19, NULL, '2023-02-01'),
(45, 21830, 20, NULL, '2023-02-01'),
(45, 21830, 21, NULL, '2023-02-01'),
(45, 21830, 22, NULL, '2023-02-01'),
(45, 21830, 23, NULL, '2023-02-01'),
(45, 21830, 24, NULL, '2023-02-01'),
(45, 21830, 25, NULL, '2023-02-01'),
(45, 21830, 26, NULL, '2023-02-01'),
(45, 21830, 27, NULL, '2023-02-01'),
(45, 21830, 28, NULL, '2023-02-01'),
(45, 21830, 29, NULL, '2023-02-01'),
(45, 21830, 30, NULL, '2023-02-01'),
(45, 21830, 31, NULL, '2023-02-01'),
(45, 21830, 32, NULL, '2023-02-01'),
(45, 21830, 33, NULL, '2023-02-01'),
(45, 21830, 34, NULL, '2023-02-01'),
(45, 21830, 35, NULL, '2023-02-01'),
(45, 21830, 36, NULL, '2023-02-01'),
(45, 21830, 37, NULL, '2023-02-01'),
(45, 21830, 38, NULL, '2023-02-01'),
(45, 21830, 39, NULL, '2023-02-01'),
(45, 21830, 40, NULL, '2023-02-01'),
(45, 21830, 41, NULL, '2023-02-01'),
(45, 21830, 42, NULL, '2023-02-01'),
(45, 21830, 43, NULL, '2023-02-01'),
(45, 21830, 44, NULL, '2023-02-01'),
(45, 21830, 45, NULL, '2023-02-01'),
(45, 21830, 46, NULL, '2023-02-01'),
(45, 21830, 47, NULL, '2023-02-01'),
(45, 21830, 48, NULL, '2023-02-01'),
(45, 21830, 49, NULL, '2023-02-01'),
(45, 21830, 50, NULL, '2023-02-01'),
(46, 11940, 1, NULL, '2023-02-01'),
(46, 11940, 2, NULL, '2023-02-01'),
(46, 11940, 3, NULL, '2023-02-01'),
(46, 11940, 4, NULL, '2023-02-01'),
(46, 11940, 5, NULL, '2023-02-01'),
(46, 11940, 6, NULL, '2023-02-01'),
(46, 11940, 7, NULL, '2023-02-01'),
(46, 11940, 8, NULL, '2023-02-01'),
(46, 11940, 9, NULL, '2023-02-01'),
(46, 11940, 10, NULL, '2023-02-01'),
(46, 11940, 11, NULL, '2023-02-01'),
(46, 11940, 12, NULL, '2023-02-01'),
(46, 11940, 13, NULL, '2023-02-01'),
(46, 11940, 14, NULL, '2023-02-01'),
(46, 11940, 15, NULL, '2023-02-01'),
(46, 11940, 16, NULL, '2023-02-01'),
(46, 11940, 17, NULL, '2023-02-01'),
(46, 11940, 18, NULL, '2023-02-01'),
(46, 11940, 19, NULL, '2023-02-01'),
(46, 11940, 20, NULL, '2023-02-01'),
(46, 11940, 21, NULL, '2023-02-01'),
(46, 11940, 22, NULL, '2023-02-01'),
(46, 11940, 23, NULL, '2023-02-01'),
(46, 11940, 24, NULL, '2023-02-01'),
(46, 11940, 25, NULL, '2023-02-01'),
(46, 11940, 26, NULL, '2023-02-01'),
(46, 11940, 27, NULL, '2023-02-01'),
(46, 11940, 28, NULL, '2023-02-01'),
(46, 11940, 29, NULL, '2023-02-01'),
(46, 11940, 30, NULL, '2023-02-01'),
(46, 11940, 31, NULL, '2023-02-01'),
(46, 11940, 32, NULL, '2023-02-01'),
(46, 11940, 33, NULL, '2023-02-01'),
(46, 11940, 34, NULL, '2023-02-01'),
(46, 11940, 35, NULL, '2023-02-01'),
(46, 11940, 36, NULL, '2023-02-01'),
(46, 11940, 37, NULL, '2023-02-01'),
(46, 11940, 38, NULL, '2023-02-01'),
(46, 11940, 39, NULL, '2023-02-01'),
(46, 11940, 40, NULL, '2023-02-01'),
(46, 11940, 41, NULL, '2023-02-01'),
(46, 11940, 42, NULL, '2023-02-01'),
(46, 11940, 43, NULL, '2023-02-01'),
(46, 11940, 44, NULL, '2023-02-01'),
(46, 11940, 45, NULL, '2023-02-01'),
(46, 11940, 46, NULL, '2023-02-01'),
(46, 11940, 47, NULL, '2023-02-01'),
(46, 11940, 48, NULL, '2023-02-01'),
(46, 11940, 49, NULL, '2023-02-01'),
(46, 11940, 50, NULL, '2023-02-01'),
(47, 22020, 1, NULL, '2023-02-01'),
(47, 22020, 2, NULL, '2023-02-01'),
(47, 22020, 3, NULL, '2023-02-01'),
(47, 22020, 4, NULL, '2023-02-01'),
(47, 22020, 5, NULL, '2023-02-01'),
(47, 22020, 6, NULL, '2023-02-01'),
(47, 22020, 7, NULL, '2023-02-01'),
(47, 22020, 8, NULL, '2023-02-01'),
(47, 22020, 9, NULL, '2023-02-01'),
(47, 22020, 10, NULL, '2023-02-01'),
(47, 22020, 11, NULL, '2023-02-01'),
(47, 22020, 12, NULL, '2023-02-01'),
(47, 22020, 13, NULL, '2023-02-01'),
(47, 22020, 14, NULL, '2023-02-01'),
(47, 22020, 15, NULL, '2023-02-01'),
(47, 22020, 16, NULL, '2023-02-01'),
(47, 22020, 17, NULL, '2023-02-01'),
(47, 22020, 18, NULL, '2023-02-01'),
(47, 22020, 19, NULL, '2023-02-01'),
(47, 22020, 20, NULL, '2023-02-01'),
(47, 22020, 21, NULL, '2023-02-01'),
(47, 22020, 22, NULL, '2023-02-01'),
(47, 22020, 23, NULL, '2023-02-01'),
(47, 22020, 24, NULL, '2023-02-01'),
(47, 22020, 25, NULL, '2023-02-01'),
(47, 22020, 26, NULL, '2023-02-01'),
(47, 22020, 27, NULL, '2023-02-01'),
(47, 22020, 28, NULL, '2023-02-01'),
(47, 22020, 29, NULL, '2023-02-01'),
(47, 22020, 30, NULL, '2023-02-01'),
(47, 22020, 31, NULL, '2023-02-01'),
(47, 22020, 32, NULL, '2023-02-01'),
(47, 22020, 33, NULL, '2023-02-01'),
(47, 22020, 34, NULL, '2023-02-01'),
(47, 22020, 35, NULL, '2023-02-01'),
(47, 22020, 36, NULL, '2023-02-01'),
(47, 22020, 37, NULL, '2023-02-01'),
(47, 22020, 38, NULL, '2023-02-01'),
(47, 22020, 39, NULL, '2023-02-01'),
(47, 22020, 40, NULL, '2023-02-01'),
(47, 22020, 41, NULL, '2023-02-01'),
(47, 22020, 42, NULL, '2023-02-01'),
(47, 22020, 43, NULL, '2023-02-01'),
(47, 22020, 44, NULL, '2023-02-01'),
(47, 22020, 45, NULL, '2023-02-01'),
(47, 22020, 46, NULL, '2023-02-01'),
(47, 22020, 47, NULL, '2023-02-01'),
(47, 22020, 48, NULL, '2023-02-01'),
(47, 22020, 49, NULL, '2023-02-01'),
(47, 22020, 50, NULL, '2023-02-01'),
(48, 12100, 1, NULL, '2023-02-01'),
(48, 12100, 2, NULL, '2023-02-01'),
(48, 12100, 3, NULL, '2023-02-01'),
(48, 12100, 4, NULL, '2023-02-01'),
(48, 12100, 5, NULL, '2023-02-01'),
(48, 12100, 6, NULL, '2023-02-01'),
(48, 12100, 7, NULL, '2023-02-01'),
(48, 12100, 8, NULL, '2023-02-01'),
(48, 12100, 9, NULL, '2023-02-01'),
(48, 12100, 10, NULL, '2023-02-01'),
(48, 12100, 11, NULL, '2023-02-01'),
(48, 12100, 12, NULL, '2023-02-01'),
(48, 12100, 13, NULL, '2023-02-01'),
(48, 12100, 14, NULL, '2023-02-01'),
(48, 12100, 15, NULL, '2023-02-01'),
(48, 12100, 16, NULL, '2023-02-01'),
(48, 12100, 17, NULL, '2023-02-01'),
(48, 12100, 18, NULL, '2023-02-01'),
(48, 12100, 19, NULL, '2023-02-01'),
(48, 12100, 20, NULL, '2023-02-01'),
(48, 12100, 21, NULL, '2023-02-01'),
(48, 12100, 22, NULL, '2023-02-01'),
(48, 12100, 23, NULL, '2023-02-01'),
(48, 12100, 24, NULL, '2023-02-01'),
(48, 12100, 25, NULL, '2023-02-01'),
(48, 12100, 26, NULL, '2023-02-01'),
(48, 12100, 27, NULL, '2023-02-01'),
(48, 12100, 28, NULL, '2023-02-01'),
(48, 12100, 29, NULL, '2023-02-01'),
(48, 12100, 30, NULL, '2023-02-01'),
(48, 12100, 31, NULL, '2023-02-01'),
(48, 12100, 32, NULL, '2023-02-01'),
(48, 12100, 33, NULL, '2023-02-01');
INSERT INTO `seat_matrix` (`BID`, `RID`, `SeatNo`, `Passenger`, `BusDate`) VALUES
(48, 12100, 34, NULL, '2023-02-01'),
(48, 12100, 35, NULL, '2023-02-01'),
(48, 12100, 36, NULL, '2023-02-01'),
(48, 12100, 37, NULL, '2023-02-01'),
(48, 12100, 38, NULL, '2023-02-01'),
(48, 12100, 39, NULL, '2023-02-01'),
(48, 12100, 40, NULL, '2023-02-01'),
(48, 12100, 41, NULL, '2023-02-01'),
(48, 12100, 42, NULL, '2023-02-01'),
(48, 12100, 43, NULL, '2023-02-01'),
(48, 12100, 44, NULL, '2023-02-01'),
(48, 12100, 45, NULL, '2023-02-01'),
(48, 12100, 46, NULL, '2023-02-01'),
(48, 12100, 47, NULL, '2023-02-01'),
(48, 12100, 48, NULL, '2023-02-01'),
(48, 12100, 49, NULL, '2023-02-01'),
(48, 12100, 50, NULL, '2023-02-01'),
(49, 22140, 1, NULL, '2023-02-01'),
(49, 22140, 2, NULL, '2023-02-01'),
(49, 22140, 3, NULL, '2023-02-01'),
(49, 22140, 4, NULL, '2023-02-01'),
(49, 22140, 5, NULL, '2023-02-01'),
(49, 22140, 6, NULL, '2023-02-01'),
(49, 22140, 7, NULL, '2023-02-01'),
(49, 22140, 8, NULL, '2023-02-01'),
(49, 22140, 9, NULL, '2023-02-01'),
(49, 22140, 10, NULL, '2023-02-01'),
(49, 22140, 11, NULL, '2023-02-01'),
(49, 22140, 12, NULL, '2023-02-01'),
(49, 22140, 13, NULL, '2023-02-01'),
(49, 22140, 14, NULL, '2023-02-01'),
(49, 22140, 15, NULL, '2023-02-01'),
(49, 22140, 16, NULL, '2023-02-01'),
(49, 22140, 17, NULL, '2023-02-01'),
(49, 22140, 18, NULL, '2023-02-01'),
(49, 22140, 19, NULL, '2023-02-01'),
(49, 22140, 20, NULL, '2023-02-01'),
(49, 22140, 21, NULL, '2023-02-01'),
(49, 22140, 22, NULL, '2023-02-01'),
(49, 22140, 23, NULL, '2023-02-01'),
(49, 22140, 24, NULL, '2023-02-01'),
(49, 22140, 25, NULL, '2023-02-01'),
(49, 22140, 26, NULL, '2023-02-01'),
(49, 22140, 27, NULL, '2023-02-01'),
(49, 22140, 28, NULL, '2023-02-01'),
(49, 22140, 29, NULL, '2023-02-01'),
(49, 22140, 30, NULL, '2023-02-01'),
(49, 22140, 31, NULL, '2023-02-01'),
(49, 22140, 32, NULL, '2023-02-01'),
(49, 22140, 33, NULL, '2023-02-01'),
(49, 22140, 34, NULL, '2023-02-01'),
(49, 22140, 35, NULL, '2023-02-01'),
(49, 22140, 36, NULL, '2023-02-01'),
(49, 22140, 37, NULL, '2023-02-01'),
(49, 22140, 38, NULL, '2023-02-01'),
(49, 22140, 39, NULL, '2023-02-01'),
(49, 22140, 40, NULL, '2023-02-01'),
(49, 22140, 41, NULL, '2023-02-01'),
(49, 22140, 42, NULL, '2023-02-01'),
(49, 22140, 43, NULL, '2023-02-01'),
(49, 22140, 44, NULL, '2023-02-01'),
(49, 22140, 45, NULL, '2023-02-01'),
(49, 22140, 46, NULL, '2023-02-01'),
(49, 22140, 47, NULL, '2023-02-01'),
(49, 22140, 48, NULL, '2023-02-01'),
(49, 22140, 49, NULL, '2023-02-01'),
(49, 22140, 50, NULL, '2023-02-01'),
(50, 11540, 1, NULL, '2023-02-02'),
(50, 11540, 2, NULL, '2023-02-02'),
(50, 11540, 3, NULL, '2023-02-02'),
(50, 11540, 4, NULL, '2023-02-02'),
(50, 11540, 5, NULL, '2023-02-02'),
(50, 11540, 6, NULL, '2023-02-02'),
(50, 11540, 7, NULL, '2023-02-02'),
(50, 11540, 8, NULL, '2023-02-02'),
(50, 11540, 9, NULL, '2023-02-02'),
(50, 11540, 10, NULL, '2023-02-02'),
(50, 11540, 11, NULL, '2023-02-02'),
(50, 11540, 12, NULL, '2023-02-02'),
(50, 11540, 13, NULL, '2023-02-02'),
(50, 11540, 14, NULL, '2023-02-02'),
(50, 11540, 15, NULL, '2023-02-02'),
(50, 11540, 16, NULL, '2023-02-02'),
(50, 11540, 17, NULL, '2023-02-02'),
(50, 11540, 18, NULL, '2023-02-02'),
(50, 11540, 19, NULL, '2023-02-02'),
(50, 11540, 20, NULL, '2023-02-02'),
(50, 11540, 21, NULL, '2023-02-02'),
(50, 11540, 22, NULL, '2023-02-02'),
(50, 11540, 23, NULL, '2023-02-02'),
(50, 11540, 24, NULL, '2023-02-02'),
(50, 11540, 25, NULL, '2023-02-02'),
(50, 11540, 26, NULL, '2023-02-02'),
(50, 11540, 27, NULL, '2023-02-02'),
(50, 11540, 28, NULL, '2023-02-02'),
(50, 11540, 29, NULL, '2023-02-02'),
(50, 11540, 30, NULL, '2023-02-02'),
(50, 11540, 31, NULL, '2023-02-02'),
(50, 11540, 32, NULL, '2023-02-02'),
(50, 11540, 33, NULL, '2023-02-02'),
(50, 11540, 34, NULL, '2023-02-02'),
(50, 11540, 35, NULL, '2023-02-02'),
(50, 11540, 36, NULL, '2023-02-02'),
(50, 11540, 37, NULL, '2023-02-02'),
(50, 11540, 38, NULL, '2023-02-02'),
(50, 11540, 39, NULL, '2023-02-02'),
(50, 11540, 40, NULL, '2023-02-02'),
(50, 11540, 41, NULL, '2023-02-02'),
(50, 11540, 42, NULL, '2023-02-02'),
(50, 11540, 43, NULL, '2023-02-02'),
(50, 11540, 44, NULL, '2023-02-02'),
(50, 11540, 45, NULL, '2023-02-02'),
(50, 11540, 46, NULL, '2023-02-02'),
(50, 11540, 47, NULL, '2023-02-02'),
(50, 11540, 48, NULL, '2023-02-02'),
(50, 11540, 49, NULL, '2023-02-02'),
(50, 11540, 50, NULL, '2023-02-02'),
(51, 21615, 1, NULL, '2023-02-02'),
(51, 21615, 2, NULL, '2023-02-02'),
(51, 21615, 3, NULL, '2023-02-02'),
(51, 21615, 4, NULL, '2023-02-02'),
(51, 21615, 5, NULL, '2023-02-02'),
(51, 21615, 6, NULL, '2023-02-02'),
(51, 21615, 7, NULL, '2023-02-02'),
(51, 21615, 8, NULL, '2023-02-02'),
(51, 21615, 9, NULL, '2023-02-02'),
(51, 21615, 10, NULL, '2023-02-02'),
(51, 21615, 11, NULL, '2023-02-02'),
(51, 21615, 12, NULL, '2023-02-02'),
(51, 21615, 13, NULL, '2023-02-02'),
(51, 21615, 14, NULL, '2023-02-02'),
(51, 21615, 15, NULL, '2023-02-02'),
(51, 21615, 16, NULL, '2023-02-02'),
(51, 21615, 17, NULL, '2023-02-02'),
(51, 21615, 18, NULL, '2023-02-02'),
(51, 21615, 19, NULL, '2023-02-02'),
(51, 21615, 20, NULL, '2023-02-02'),
(51, 21615, 21, NULL, '2023-02-02'),
(51, 21615, 22, NULL, '2023-02-02'),
(51, 21615, 23, NULL, '2023-02-02'),
(51, 21615, 24, NULL, '2023-02-02'),
(51, 21615, 25, NULL, '2023-02-02'),
(51, 21615, 26, NULL, '2023-02-02'),
(51, 21615, 27, NULL, '2023-02-02'),
(51, 21615, 28, NULL, '2023-02-02'),
(51, 21615, 29, NULL, '2023-02-02'),
(51, 21615, 30, NULL, '2023-02-02'),
(51, 21615, 31, NULL, '2023-02-02'),
(51, 21615, 32, NULL, '2023-02-02'),
(51, 21615, 33, NULL, '2023-02-02'),
(51, 21615, 34, NULL, '2023-02-02'),
(51, 21615, 35, NULL, '2023-02-02'),
(51, 21615, 36, NULL, '2023-02-02'),
(51, 21615, 37, NULL, '2023-02-02'),
(51, 21615, 38, NULL, '2023-02-02'),
(51, 21615, 39, NULL, '2023-02-02'),
(51, 21615, 40, NULL, '2023-02-02'),
(51, 21615, 41, NULL, '2023-02-02'),
(51, 21615, 42, NULL, '2023-02-02'),
(51, 21615, 43, NULL, '2023-02-02'),
(51, 21615, 44, NULL, '2023-02-02'),
(51, 21615, 45, NULL, '2023-02-02'),
(51, 21615, 46, NULL, '2023-02-02'),
(51, 21615, 47, NULL, '2023-02-02'),
(51, 21615, 48, NULL, '2023-02-02'),
(51, 21615, 49, NULL, '2023-02-02'),
(51, 21615, 50, NULL, '2023-02-02'),
(52, 21655, 1, NULL, '2023-02-02'),
(52, 21655, 2, NULL, '2023-02-02'),
(52, 21655, 3, NULL, '2023-02-02'),
(52, 21655, 4, NULL, '2023-02-02'),
(52, 21655, 5, NULL, '2023-02-02'),
(52, 21655, 6, NULL, '2023-02-02'),
(52, 21655, 7, NULL, '2023-02-02'),
(52, 21655, 8, NULL, '2023-02-02'),
(52, 21655, 9, NULL, '2023-02-02'),
(52, 21655, 10, NULL, '2023-02-02'),
(52, 21655, 11, NULL, '2023-02-02'),
(52, 21655, 12, NULL, '2023-02-02'),
(52, 21655, 13, NULL, '2023-02-02'),
(52, 21655, 14, NULL, '2023-02-02'),
(52, 21655, 15, NULL, '2023-02-02'),
(52, 21655, 16, NULL, '2023-02-02'),
(52, 21655, 17, NULL, '2023-02-02'),
(52, 21655, 18, NULL, '2023-02-02'),
(52, 21655, 19, NULL, '2023-02-02'),
(52, 21655, 20, NULL, '2023-02-02'),
(52, 21655, 21, NULL, '2023-02-02'),
(52, 21655, 22, NULL, '2023-02-02'),
(52, 21655, 23, NULL, '2023-02-02'),
(52, 21655, 24, NULL, '2023-02-02'),
(52, 21655, 25, NULL, '2023-02-02'),
(52, 21655, 26, NULL, '2023-02-02'),
(52, 21655, 27, NULL, '2023-02-02'),
(52, 21655, 28, NULL, '2023-02-02'),
(52, 21655, 29, NULL, '2023-02-02'),
(52, 21655, 30, NULL, '2023-02-02'),
(52, 21655, 31, NULL, '2023-02-02'),
(52, 21655, 32, NULL, '2023-02-02'),
(52, 21655, 33, NULL, '2023-02-02'),
(52, 21655, 34, NULL, '2023-02-02'),
(52, 21655, 35, NULL, '2023-02-02'),
(52, 21655, 36, NULL, '2023-02-02'),
(52, 21655, 37, NULL, '2023-02-02'),
(52, 21655, 38, NULL, '2023-02-02'),
(52, 21655, 39, NULL, '2023-02-02'),
(52, 21655, 40, NULL, '2023-02-02'),
(52, 21655, 41, NULL, '2023-02-02'),
(52, 21655, 42, NULL, '2023-02-02'),
(52, 21655, 43, NULL, '2023-02-02'),
(52, 21655, 44, NULL, '2023-02-02'),
(52, 21655, 45, NULL, '2023-02-02'),
(52, 21655, 46, NULL, '2023-02-02'),
(52, 21655, 47, NULL, '2023-02-02'),
(52, 21655, 48, NULL, '2023-02-02'),
(52, 21655, 49, NULL, '2023-02-02'),
(52, 21655, 50, NULL, '2023-02-02'),
(53, 11720, 1, NULL, '2023-02-02'),
(53, 11720, 2, NULL, '2023-02-02'),
(53, 11720, 3, NULL, '2023-02-02'),
(53, 11720, 4, NULL, '2023-02-02'),
(53, 11720, 5, NULL, '2023-02-02'),
(53, 11720, 6, NULL, '2023-02-02'),
(53, 11720, 7, NULL, '2023-02-02'),
(53, 11720, 8, NULL, '2023-02-02'),
(53, 11720, 9, NULL, '2023-02-02'),
(53, 11720, 10, NULL, '2023-02-02'),
(53, 11720, 11, NULL, '2023-02-02'),
(53, 11720, 12, NULL, '2023-02-02'),
(53, 11720, 13, NULL, '2023-02-02'),
(53, 11720, 14, NULL, '2023-02-02'),
(53, 11720, 15, NULL, '2023-02-02'),
(53, 11720, 16, NULL, '2023-02-02'),
(53, 11720, 17, NULL, '2023-02-02'),
(53, 11720, 18, NULL, '2023-02-02'),
(53, 11720, 19, NULL, '2023-02-02'),
(53, 11720, 20, NULL, '2023-02-02'),
(53, 11720, 21, NULL, '2023-02-02'),
(53, 11720, 22, NULL, '2023-02-02'),
(53, 11720, 23, NULL, '2023-02-02'),
(53, 11720, 24, NULL, '2023-02-02'),
(53, 11720, 25, NULL, '2023-02-02'),
(53, 11720, 26, NULL, '2023-02-02'),
(53, 11720, 27, NULL, '2023-02-02'),
(53, 11720, 28, NULL, '2023-02-02'),
(53, 11720, 29, NULL, '2023-02-02'),
(53, 11720, 30, NULL, '2023-02-02'),
(53, 11720, 31, NULL, '2023-02-02'),
(53, 11720, 32, NULL, '2023-02-02'),
(53, 11720, 33, NULL, '2023-02-02'),
(53, 11720, 34, NULL, '2023-02-02'),
(53, 11720, 35, NULL, '2023-02-02'),
(53, 11720, 36, NULL, '2023-02-02'),
(53, 11720, 37, NULL, '2023-02-02'),
(53, 11720, 38, NULL, '2023-02-02'),
(53, 11720, 39, NULL, '2023-02-02'),
(53, 11720, 40, NULL, '2023-02-02'),
(53, 11720, 41, NULL, '2023-02-02'),
(53, 11720, 42, NULL, '2023-02-02'),
(53, 11720, 43, NULL, '2023-02-02'),
(53, 11720, 44, NULL, '2023-02-02'),
(53, 11720, 45, NULL, '2023-02-02'),
(53, 11720, 46, NULL, '2023-02-02'),
(53, 11720, 47, NULL, '2023-02-02'),
(53, 11720, 48, NULL, '2023-02-02'),
(53, 11720, 49, NULL, '2023-02-02'),
(53, 11720, 50, NULL, '2023-02-02'),
(54, 11750, 1, NULL, '2023-02-02'),
(54, 11750, 2, NULL, '2023-02-02'),
(54, 11750, 3, NULL, '2023-02-02'),
(54, 11750, 4, NULL, '2023-02-02'),
(54, 11750, 5, NULL, '2023-02-02'),
(54, 11750, 6, NULL, '2023-02-02'),
(54, 11750, 7, NULL, '2023-02-02'),
(54, 11750, 8, NULL, '2023-02-02'),
(54, 11750, 9, NULL, '2023-02-02'),
(54, 11750, 10, NULL, '2023-02-02'),
(54, 11750, 11, NULL, '2023-02-02'),
(54, 11750, 12, NULL, '2023-02-02'),
(54, 11750, 13, NULL, '2023-02-02'),
(54, 11750, 14, NULL, '2023-02-02'),
(54, 11750, 15, NULL, '2023-02-02'),
(54, 11750, 16, NULL, '2023-02-02'),
(54, 11750, 17, NULL, '2023-02-02'),
(54, 11750, 18, NULL, '2023-02-02'),
(54, 11750, 19, NULL, '2023-02-02'),
(54, 11750, 20, NULL, '2023-02-02'),
(54, 11750, 21, NULL, '2023-02-02'),
(54, 11750, 22, NULL, '2023-02-02'),
(54, 11750, 23, NULL, '2023-02-02'),
(54, 11750, 24, NULL, '2023-02-02'),
(54, 11750, 25, NULL, '2023-02-02'),
(54, 11750, 26, NULL, '2023-02-02'),
(54, 11750, 27, NULL, '2023-02-02'),
(54, 11750, 28, NULL, '2023-02-02'),
(54, 11750, 29, NULL, '2023-02-02'),
(54, 11750, 30, NULL, '2023-02-02'),
(54, 11750, 31, NULL, '2023-02-02'),
(54, 11750, 32, NULL, '2023-02-02'),
(54, 11750, 33, NULL, '2023-02-02'),
(54, 11750, 34, NULL, '2023-02-02'),
(54, 11750, 35, NULL, '2023-02-02'),
(54, 11750, 36, NULL, '2023-02-02'),
(54, 11750, 37, NULL, '2023-02-02'),
(54, 11750, 38, NULL, '2023-02-02'),
(54, 11750, 39, NULL, '2023-02-02'),
(54, 11750, 40, NULL, '2023-02-02'),
(54, 11750, 41, NULL, '2023-02-02'),
(54, 11750, 42, NULL, '2023-02-02'),
(54, 11750, 43, NULL, '2023-02-02'),
(54, 11750, 44, NULL, '2023-02-02'),
(54, 11750, 45, NULL, '2023-02-02'),
(54, 11750, 46, NULL, '2023-02-02'),
(54, 11750, 47, NULL, '2023-02-02'),
(54, 11750, 48, NULL, '2023-02-02'),
(54, 11750, 49, NULL, '2023-02-02'),
(54, 11750, 50, NULL, '2023-02-02'),
(55, 21830, 1, NULL, '2023-02-02'),
(55, 21830, 2, NULL, '2023-02-02'),
(55, 21830, 3, NULL, '2023-02-02'),
(55, 21830, 4, NULL, '2023-02-02'),
(55, 21830, 5, NULL, '2023-02-02'),
(55, 21830, 6, NULL, '2023-02-02'),
(55, 21830, 7, NULL, '2023-02-02'),
(55, 21830, 8, NULL, '2023-02-02'),
(55, 21830, 9, NULL, '2023-02-02'),
(55, 21830, 10, NULL, '2023-02-02'),
(55, 21830, 11, NULL, '2023-02-02'),
(55, 21830, 12, NULL, '2023-02-02'),
(55, 21830, 13, NULL, '2023-02-02'),
(55, 21830, 14, NULL, '2023-02-02'),
(55, 21830, 15, NULL, '2023-02-02'),
(55, 21830, 16, NULL, '2023-02-02'),
(55, 21830, 17, NULL, '2023-02-02'),
(55, 21830, 18, NULL, '2023-02-02'),
(55, 21830, 19, NULL, '2023-02-02'),
(55, 21830, 20, NULL, '2023-02-02'),
(55, 21830, 21, NULL, '2023-02-02'),
(55, 21830, 22, NULL, '2023-02-02'),
(55, 21830, 23, NULL, '2023-02-02'),
(55, 21830, 24, NULL, '2023-02-02'),
(55, 21830, 25, NULL, '2023-02-02'),
(55, 21830, 26, NULL, '2023-02-02'),
(55, 21830, 27, NULL, '2023-02-02'),
(55, 21830, 28, NULL, '2023-02-02'),
(55, 21830, 29, NULL, '2023-02-02'),
(55, 21830, 30, NULL, '2023-02-02'),
(55, 21830, 31, NULL, '2023-02-02'),
(55, 21830, 32, NULL, '2023-02-02'),
(55, 21830, 33, NULL, '2023-02-02'),
(55, 21830, 34, NULL, '2023-02-02'),
(55, 21830, 35, NULL, '2023-02-02'),
(55, 21830, 36, NULL, '2023-02-02'),
(55, 21830, 37, NULL, '2023-02-02'),
(55, 21830, 38, NULL, '2023-02-02'),
(55, 21830, 39, NULL, '2023-02-02'),
(55, 21830, 40, NULL, '2023-02-02'),
(55, 21830, 41, NULL, '2023-02-02'),
(55, 21830, 42, NULL, '2023-02-02'),
(55, 21830, 43, NULL, '2023-02-02'),
(55, 21830, 44, NULL, '2023-02-02'),
(55, 21830, 45, NULL, '2023-02-02'),
(55, 21830, 46, NULL, '2023-02-02'),
(55, 21830, 47, NULL, '2023-02-02'),
(55, 21830, 48, NULL, '2023-02-02'),
(55, 21830, 49, NULL, '2023-02-02'),
(55, 21830, 50, NULL, '2023-02-02'),
(56, 11940, 1, NULL, '2023-02-02'),
(56, 11940, 2, NULL, '2023-02-02'),
(56, 11940, 3, NULL, '2023-02-02'),
(56, 11940, 4, NULL, '2023-02-02'),
(56, 11940, 5, NULL, '2023-02-02'),
(56, 11940, 6, NULL, '2023-02-02'),
(56, 11940, 7, NULL, '2023-02-02'),
(56, 11940, 8, NULL, '2023-02-02'),
(56, 11940, 9, NULL, '2023-02-02'),
(56, 11940, 10, NULL, '2023-02-02'),
(56, 11940, 11, NULL, '2023-02-02'),
(56, 11940, 12, NULL, '2023-02-02'),
(56, 11940, 13, NULL, '2023-02-02'),
(56, 11940, 14, NULL, '2023-02-02'),
(56, 11940, 15, NULL, '2023-02-02'),
(56, 11940, 16, NULL, '2023-02-02'),
(56, 11940, 17, NULL, '2023-02-02'),
(56, 11940, 18, NULL, '2023-02-02'),
(56, 11940, 19, NULL, '2023-02-02'),
(56, 11940, 20, NULL, '2023-02-02'),
(56, 11940, 21, NULL, '2023-02-02'),
(56, 11940, 22, NULL, '2023-02-02'),
(56, 11940, 23, NULL, '2023-02-02'),
(56, 11940, 24, NULL, '2023-02-02'),
(56, 11940, 25, NULL, '2023-02-02'),
(56, 11940, 26, NULL, '2023-02-02'),
(56, 11940, 27, NULL, '2023-02-02'),
(56, 11940, 28, NULL, '2023-02-02'),
(56, 11940, 29, NULL, '2023-02-02'),
(56, 11940, 30, NULL, '2023-02-02'),
(56, 11940, 31, NULL, '2023-02-02'),
(56, 11940, 32, NULL, '2023-02-02'),
(56, 11940, 33, NULL, '2023-02-02'),
(56, 11940, 34, NULL, '2023-02-02'),
(56, 11940, 35, NULL, '2023-02-02'),
(56, 11940, 36, NULL, '2023-02-02'),
(56, 11940, 37, NULL, '2023-02-02'),
(56, 11940, 38, NULL, '2023-02-02'),
(56, 11940, 39, NULL, '2023-02-02'),
(56, 11940, 40, NULL, '2023-02-02'),
(56, 11940, 41, NULL, '2023-02-02'),
(56, 11940, 42, NULL, '2023-02-02'),
(56, 11940, 43, NULL, '2023-02-02'),
(56, 11940, 44, NULL, '2023-02-02'),
(56, 11940, 45, NULL, '2023-02-02'),
(56, 11940, 46, NULL, '2023-02-02'),
(56, 11940, 47, NULL, '2023-02-02'),
(56, 11940, 48, NULL, '2023-02-02'),
(56, 11940, 49, NULL, '2023-02-02'),
(56, 11940, 50, NULL, '2023-02-02'),
(57, 22020, 1, NULL, '2023-02-02'),
(57, 22020, 2, NULL, '2023-02-02'),
(57, 22020, 3, NULL, '2023-02-02'),
(57, 22020, 4, NULL, '2023-02-02'),
(57, 22020, 5, NULL, '2023-02-02'),
(57, 22020, 6, NULL, '2023-02-02'),
(57, 22020, 7, NULL, '2023-02-02'),
(57, 22020, 8, NULL, '2023-02-02'),
(57, 22020, 9, NULL, '2023-02-02'),
(57, 22020, 10, NULL, '2023-02-02'),
(57, 22020, 11, NULL, '2023-02-02'),
(57, 22020, 12, NULL, '2023-02-02'),
(57, 22020, 13, NULL, '2023-02-02'),
(57, 22020, 14, NULL, '2023-02-02'),
(57, 22020, 15, NULL, '2023-02-02'),
(57, 22020, 16, NULL, '2023-02-02'),
(57, 22020, 17, NULL, '2023-02-02'),
(57, 22020, 18, NULL, '2023-02-02'),
(57, 22020, 19, NULL, '2023-02-02'),
(57, 22020, 20, NULL, '2023-02-02'),
(57, 22020, 21, NULL, '2023-02-02'),
(57, 22020, 22, NULL, '2023-02-02'),
(57, 22020, 23, NULL, '2023-02-02'),
(57, 22020, 24, NULL, '2023-02-02'),
(57, 22020, 25, NULL, '2023-02-02'),
(57, 22020, 26, NULL, '2023-02-02'),
(57, 22020, 27, NULL, '2023-02-02'),
(57, 22020, 28, NULL, '2023-02-02'),
(57, 22020, 29, NULL, '2023-02-02'),
(57, 22020, 30, NULL, '2023-02-02'),
(57, 22020, 31, NULL, '2023-02-02'),
(57, 22020, 32, NULL, '2023-02-02'),
(57, 22020, 33, NULL, '2023-02-02'),
(57, 22020, 34, NULL, '2023-02-02'),
(57, 22020, 35, NULL, '2023-02-02'),
(57, 22020, 36, NULL, '2023-02-02'),
(57, 22020, 37, NULL, '2023-02-02'),
(57, 22020, 38, NULL, '2023-02-02'),
(57, 22020, 39, NULL, '2023-02-02'),
(57, 22020, 40, NULL, '2023-02-02'),
(57, 22020, 41, NULL, '2023-02-02'),
(57, 22020, 42, NULL, '2023-02-02'),
(57, 22020, 43, NULL, '2023-02-02'),
(57, 22020, 44, NULL, '2023-02-02'),
(57, 22020, 45, NULL, '2023-02-02'),
(57, 22020, 46, NULL, '2023-02-02'),
(57, 22020, 47, NULL, '2023-02-02'),
(57, 22020, 48, NULL, '2023-02-02'),
(57, 22020, 49, NULL, '2023-02-02'),
(57, 22020, 50, NULL, '2023-02-02'),
(58, 12100, 1, NULL, '2023-02-02'),
(58, 12100, 2, NULL, '2023-02-02'),
(58, 12100, 3, NULL, '2023-02-02'),
(58, 12100, 4, NULL, '2023-02-02'),
(58, 12100, 5, NULL, '2023-02-02'),
(58, 12100, 6, NULL, '2023-02-02'),
(58, 12100, 7, NULL, '2023-02-02'),
(58, 12100, 8, NULL, '2023-02-02'),
(58, 12100, 9, NULL, '2023-02-02'),
(58, 12100, 10, NULL, '2023-02-02'),
(58, 12100, 11, NULL, '2023-02-02'),
(58, 12100, 12, NULL, '2023-02-02'),
(58, 12100, 13, NULL, '2023-02-02'),
(58, 12100, 14, NULL, '2023-02-02'),
(58, 12100, 15, NULL, '2023-02-02'),
(58, 12100, 16, NULL, '2023-02-02'),
(58, 12100, 17, NULL, '2023-02-02'),
(58, 12100, 18, NULL, '2023-02-02'),
(58, 12100, 19, NULL, '2023-02-02'),
(58, 12100, 20, NULL, '2023-02-02'),
(58, 12100, 21, NULL, '2023-02-02'),
(58, 12100, 22, NULL, '2023-02-02'),
(58, 12100, 23, NULL, '2023-02-02'),
(58, 12100, 24, NULL, '2023-02-02'),
(58, 12100, 25, NULL, '2023-02-02'),
(58, 12100, 26, NULL, '2023-02-02'),
(58, 12100, 27, NULL, '2023-02-02'),
(58, 12100, 28, NULL, '2023-02-02'),
(58, 12100, 29, NULL, '2023-02-02'),
(58, 12100, 30, NULL, '2023-02-02'),
(58, 12100, 31, NULL, '2023-02-02'),
(58, 12100, 32, NULL, '2023-02-02'),
(58, 12100, 33, NULL, '2023-02-02'),
(58, 12100, 34, NULL, '2023-02-02'),
(58, 12100, 35, NULL, '2023-02-02'),
(58, 12100, 36, NULL, '2023-02-02'),
(58, 12100, 37, NULL, '2023-02-02'),
(58, 12100, 38, NULL, '2023-02-02'),
(58, 12100, 39, NULL, '2023-02-02'),
(58, 12100, 40, NULL, '2023-02-02'),
(58, 12100, 41, NULL, '2023-02-02'),
(58, 12100, 42, NULL, '2023-02-02'),
(58, 12100, 43, NULL, '2023-02-02'),
(58, 12100, 44, NULL, '2023-02-02'),
(58, 12100, 45, NULL, '2023-02-02'),
(58, 12100, 46, NULL, '2023-02-02'),
(58, 12100, 47, NULL, '2023-02-02'),
(58, 12100, 48, NULL, '2023-02-02'),
(58, 12100, 49, NULL, '2023-02-02'),
(58, 12100, 50, NULL, '2023-02-02'),
(59, 22140, 1, NULL, '2023-02-02'),
(59, 22140, 2, NULL, '2023-02-02'),
(59, 22140, 3, NULL, '2023-02-02'),
(59, 22140, 4, NULL, '2023-02-02'),
(59, 22140, 5, NULL, '2023-02-02'),
(59, 22140, 6, NULL, '2023-02-02'),
(59, 22140, 7, NULL, '2023-02-02'),
(59, 22140, 8, NULL, '2023-02-02'),
(59, 22140, 9, NULL, '2023-02-02'),
(59, 22140, 10, NULL, '2023-02-02'),
(59, 22140, 11, NULL, '2023-02-02'),
(59, 22140, 12, NULL, '2023-02-02'),
(59, 22140, 13, NULL, '2023-02-02'),
(59, 22140, 14, NULL, '2023-02-02'),
(59, 22140, 15, NULL, '2023-02-02'),
(59, 22140, 16, NULL, '2023-02-02'),
(59, 22140, 17, NULL, '2023-02-02'),
(59, 22140, 18, NULL, '2023-02-02'),
(59, 22140, 19, NULL, '2023-02-02'),
(59, 22140, 20, NULL, '2023-02-02'),
(59, 22140, 21, NULL, '2023-02-02'),
(59, 22140, 22, NULL, '2023-02-02'),
(59, 22140, 23, NULL, '2023-02-02'),
(59, 22140, 24, NULL, '2023-02-02'),
(59, 22140, 25, NULL, '2023-02-02'),
(59, 22140, 26, NULL, '2023-02-02'),
(59, 22140, 27, NULL, '2023-02-02'),
(59, 22140, 28, NULL, '2023-02-02'),
(59, 22140, 29, NULL, '2023-02-02'),
(59, 22140, 30, NULL, '2023-02-02'),
(59, 22140, 31, NULL, '2023-02-02'),
(59, 22140, 32, NULL, '2023-02-02'),
(59, 22140, 33, NULL, '2023-02-02'),
(59, 22140, 34, NULL, '2023-02-02'),
(59, 22140, 35, NULL, '2023-02-02'),
(59, 22140, 36, NULL, '2023-02-02'),
(59, 22140, 37, NULL, '2023-02-02'),
(59, 22140, 38, NULL, '2023-02-02'),
(59, 22140, 39, NULL, '2023-02-02'),
(59, 22140, 40, NULL, '2023-02-02'),
(59, 22140, 41, NULL, '2023-02-02'),
(59, 22140, 42, NULL, '2023-02-02'),
(59, 22140, 43, NULL, '2023-02-02'),
(59, 22140, 44, NULL, '2023-02-02'),
(59, 22140, 45, NULL, '2023-02-02'),
(59, 22140, 46, NULL, '2023-02-02'),
(59, 22140, 47, NULL, '2023-02-02'),
(59, 22140, 48, NULL, '2023-02-02'),
(59, 22140, 49, NULL, '2023-02-02'),
(59, 22140, 50, NULL, '2023-02-02');

-- --------------------------------------------------------

--
-- Table structure for table `staff`
--

CREATE TABLE `staff` (
  `EID` int(11) NOT NULL,
  `EName` varchar(30) DEFAULT NULL,
  `BloodG` varchar(5) DEFAULT NULL
) ENGINE=InnoDB DEFAULT CHARSET=latin1 COLLATE=latin1_swedish_ci;

--
-- Dumping data for table `staff`
--

INSERT INTO `staff` (`EID`, `EName`, `BloodG`) VALUES
(1021, 'John Doe', 'A+');

-- --------------------------------------------------------

--
-- Table structure for table `stops`
--

CREATE TABLE `stops` (
  `StopName` varchar(20) NOT NULL,
  `StopType` varchar(10) NOT NULL
) ENGINE=InnoDB DEFAULT CHARSET=latin1 COLLATE=latin1_swedish_ci;

--
-- Dumping data for table `stops`
--

INSERT INTO `stops` (`StopName`, `StopType`) VALUES
('Empire Talkies', 'City'),
('Hall 4', 'Institute'),
('Hexagon Canteen', 'Institute'),
('IIITDMJ Main Gate', 'Institute'),
('Narmada Residency', 'Institute'),
('Nescafe (Hall 1)', 'Institute'),
('Penty Naka', 'City'),
('PG Hostel', 'Institute'),
('Railway Station', 'City'),
('Russel Chowk', 'City');

-- --------------------------------------------------------

--
-- Table structure for table `student`
--

CREATE TABLE `student` (
  `RollNo` int(11) NOT NULL,
  `SName` varchar(30) DEFAULT NULL,
  `Batch` year(4) NOT NULL,
  `Branch` varchar(5) NOT NULL,
  `BloodG` varchar(5) DEFAULT NULL
) ENGINE=InnoDB DEFAULT CHARSET=latin1 COLLATE=latin1_swedish_ci;

--
-- Dumping data for table `student`
--

INSERT INTO `student` (`RollNo`, `SName`, `Batch`, `Branch`, `BloodG`) VALUES
(12, 'Benaya', 2001, 'CSE', '0'),
(2017324, 'Kaushal Sharma', 2018, 'CSE', 'A+'),
(2017333, 'Ajwad Shaikh', 2017, 'CSE', 'B+');

--
-- Indexes for dumped tables
--

--
-- Indexes for table `bg`
--
ALTER TABLE `bg`
  ADD PRIMARY KEY (`BloodG`);

--
-- Indexes for table `bus_instances`
--
ALTER TABLE `bus_instances`
  ADD PRIMARY KEY (`BID`),
  ADD KEY `RID` (`RID`),
  ADD KEY `Capacity` (`Seats_Left`),
  ADD KEY `DepTime` (`DepTime`);

--
-- Indexes for table `department`
--
ALTER TABLE `department`
  ADD PRIMARY KEY (`DCode`);

--
-- Indexes for table `faculty`
--
ALTER TABLE `faculty`
  ADD PRIMARY KEY (`FID`),
  ADD KEY `BloodG` (`BloodG`),
  ADD KEY `Dept` (`Dept`);

--
-- Indexes for table `guest`
--
ALTER TABLE `guest`
  ADD PRIMARY KEY (`GID`),
  ADD KEY `BloodG` (`BloodG`),
  ADD KEY `HostID` (`HostID`),
  ADD KEY `HostType` (`HostType`);

--
-- Indexes for table `passenger`
--
ALTER TABLE `passenger`
  ADD PRIMARY KEY (`ID`,`Type`),
  ADD KEY `Type` (`Type`);

--
-- Indexes for table `p_type`
--
ALTER TABLE `p_type`
  ADD PRIMARY KEY (`type`);

--
-- Indexes for table `routes`
--
ALTER TABLE `routes`
  ADD PRIMARY KEY (`RID`),
  ADD KEY `Src` (`Src`),
  ADD KEY `Dst` (`Dst`),
  ADD KEY `d_time` (`DTime`),
  ADD KEY `cap` (`Capacity`),
  ADD KEY `STime_index` (`STime`);

--
-- Indexes for table `seat_matrix`
--
ALTER TABLE `seat_matrix`
  ADD PRIMARY KEY (`BID`,`RID`,`SeatNo`),
  ADD KEY `RID` (`RID`),
  ADD KEY `Passenger` (`Passenger`);

--
-- Indexes for table `staff`
--
ALTER TABLE `staff`
  ADD PRIMARY KEY (`EID`),
  ADD KEY `BloodG` (`BloodG`);

--
-- Indexes for table `stops`
--
ALTER TABLE `stops`
  ADD PRIMARY KEY (`StopName`);

--
-- Indexes for table `student`
--
ALTER TABLE `student`
  ADD PRIMARY KEY (`RollNo`),
  ADD KEY `Branch` (`Branch`),
  ADD KEY `BloodG` (`BloodG`);

--
-- Constraints for dumped tables
--

--
-- Constraints for table `bus_instances`
--
ALTER TABLE `bus_instances`
  ADD CONSTRAINT `bus_instances_ibfk_1` FOREIGN KEY (`RID`) REFERENCES `routes` (`RID`),
  ADD CONSTRAINT `bus_instances_ibfk_3` FOREIGN KEY (`DepTime`) REFERENCES `routes` (`STime`);

--
-- Constraints for table `seat_matrix`
--
ALTER TABLE `seat_matrix`
  ADD CONSTRAINT `seat_matrix_ibfk_1` FOREIGN KEY (`RID`) REFERENCES `routes` (`RID`),
  ADD CONSTRAINT `seat_matrix_ibfk_2` FOREIGN KEY (`Passenger`) REFERENCES `passenger` (`ID`);
--
-- Database: `phpmyadmin`
--
CREATE DATABASE IF NOT EXISTS `phpmyadmin` DEFAULT CHARACTER SET utf8 COLLATE utf8_bin;
USE `phpmyadmin`;

-- --------------------------------------------------------

--
-- Table structure for table `pma__bookmark`
--

CREATE TABLE `pma__bookmark` (
  `id` int(10) UNSIGNED NOT NULL,
  `dbase` varchar(255) NOT NULL DEFAULT '',
  `user` varchar(255) NOT NULL DEFAULT '',
  `label` varchar(255) CHARACTER SET utf8 COLLATE utf8_general_ci NOT NULL DEFAULT '',
  `query` text NOT NULL
) ENGINE=InnoDB DEFAULT CHARSET=utf8 COLLATE=utf8_bin COMMENT='Bookmarks';

-- --------------------------------------------------------

--
-- Table structure for table `pma__central_columns`
--

CREATE TABLE `pma__central_columns` (
  `db_name` varchar(64) NOT NULL,
  `col_name` varchar(64) NOT NULL,
  `col_type` varchar(64) NOT NULL,
  `col_length` text DEFAULT NULL,
  `col_collation` varchar(64) NOT NULL,
  `col_isNull` tinyint(1) NOT NULL,
  `col_extra` varchar(255) DEFAULT '',
  `col_default` text DEFAULT NULL
) ENGINE=InnoDB DEFAULT CHARSET=utf8 COLLATE=utf8_bin COMMENT='Central list of columns';

-- --------------------------------------------------------

--
-- Table structure for table `pma__column_info`
--

CREATE TABLE `pma__column_info` (
  `id` int(5) UNSIGNED NOT NULL,
  `db_name` varchar(64) NOT NULL DEFAULT '',
  `table_name` varchar(64) NOT NULL DEFAULT '',
  `column_name` varchar(64) NOT NULL DEFAULT '',
  `comment` varchar(255) CHARACTER SET utf8 COLLATE utf8_general_ci NOT NULL DEFAULT '',
  `mimetype` varchar(255) CHARACTER SET utf8 COLLATE utf8_general_ci NOT NULL DEFAULT '',
  `transformation` varchar(255) NOT NULL DEFAULT '',
  `transformation_options` varchar(255) NOT NULL DEFAULT '',
  `input_transformation` varchar(255) NOT NULL DEFAULT '',
  `input_transformation_options` varchar(255) NOT NULL DEFAULT ''
) ENGINE=InnoDB DEFAULT CHARSET=utf8 COLLATE=utf8_bin COMMENT='Column information for phpMyAdmin';

-- --------------------------------------------------------

--
-- Table structure for table `pma__designer_settings`
--

CREATE TABLE `pma__designer_settings` (
  `username` varchar(64) NOT NULL,
  `settings_data` text NOT NULL
) ENGINE=InnoDB DEFAULT CHARSET=utf8 COLLATE=utf8_bin COMMENT='Settings related to Designer';

-- --------------------------------------------------------

--
-- Table structure for table `pma__export_templates`
--

CREATE TABLE `pma__export_templates` (
  `id` int(5) UNSIGNED NOT NULL,
  `username` varchar(64) NOT NULL,
  `export_type` varchar(10) NOT NULL,
  `template_name` varchar(64) NOT NULL,
  `template_data` text NOT NULL
) ENGINE=InnoDB DEFAULT CHARSET=utf8 COLLATE=utf8_bin COMMENT='Saved export templates';

-- --------------------------------------------------------

--
-- Table structure for table `pma__favorite`
--

CREATE TABLE `pma__favorite` (
  `username` varchar(64) NOT NULL,
  `tables` text NOT NULL
) ENGINE=InnoDB DEFAULT CHARSET=utf8 COLLATE=utf8_bin COMMENT='Favorite tables';

-- --------------------------------------------------------

--
-- Table structure for table `pma__history`
--

CREATE TABLE `pma__history` (
  `id` bigint(20) UNSIGNED NOT NULL,
  `username` varchar(64) NOT NULL DEFAULT '',
  `db` varchar(64) NOT NULL DEFAULT '',
  `table` varchar(64) NOT NULL DEFAULT '',
  `timevalue` timestamp NOT NULL DEFAULT current_timestamp(),
  `sqlquery` text NOT NULL
) ENGINE=InnoDB DEFAULT CHARSET=utf8 COLLATE=utf8_bin COMMENT='SQL history for phpMyAdmin';

-- --------------------------------------------------------

--
-- Table structure for table `pma__navigationhiding`
--

CREATE TABLE `pma__navigationhiding` (
  `username` varchar(64) NOT NULL,
  `item_name` varchar(64) NOT NULL,
  `item_type` varchar(64) NOT NULL,
  `db_name` varchar(64) NOT NULL,
  `table_name` varchar(64) NOT NULL
) ENGINE=InnoDB DEFAULT CHARSET=utf8 COLLATE=utf8_bin COMMENT='Hidden items of navigation tree';

--
-- Dumping data for table `pma__navigationhiding`
--

INSERT INTO `pma__navigationhiding` (`username`, `item_name`, `item_type`, `db_name`, `table_name`) VALUES
('root', 'user', 'table', 'user_db', '');

-- --------------------------------------------------------

--
-- Table structure for table `pma__pdf_pages`
--

CREATE TABLE `pma__pdf_pages` (
  `db_name` varchar(64) NOT NULL DEFAULT '',
  `page_nr` int(10) UNSIGNED NOT NULL,
  `page_descr` varchar(50) CHARACTER SET utf8 COLLATE utf8_general_ci NOT NULL DEFAULT ''
) ENGINE=InnoDB DEFAULT CHARSET=utf8 COLLATE=utf8_bin COMMENT='PDF relation pages for phpMyAdmin';

-- --------------------------------------------------------

--
-- Table structure for table `pma__recent`
--

CREATE TABLE `pma__recent` (
  `username` varchar(64) NOT NULL,
  `tables` text NOT NULL
) ENGINE=InnoDB DEFAULT CHARSET=utf8 COLLATE=utf8_bin COMMENT='Recently accessed tables';

--
-- Dumping data for table `pma__recent`
--

INSERT INTO `pma__recent` (`username`, `tables`) VALUES
('root', '[{\"db\":\"busbooking\",\"table\":\"bg\"},{\"db\":\"busbooking\",\"table\":\"passenger\"},{\"db\":\"busbooking\",\"table\":\"staff\"},{\"db\":\"busbooking\",\"table\":\"p_type\"},{\"db\":\"busbooking\",\"table\":\"routes\"},{\"db\":\"busbooking\",\"table\":\"student\"},{\"db\":\"busbooking\",\"table\":\"faculty\"},{\"db\":\"busbooking\",\"table\":\"department\"},{\"db\":\"busbooking\",\"table\":\"bus_instances\"},{\"db\":\"busbooking\",\"table\":\"guest\"}]');

-- --------------------------------------------------------

--
-- Table structure for table `pma__relation`
--

CREATE TABLE `pma__relation` (
  `master_db` varchar(64) NOT NULL DEFAULT '',
  `master_table` varchar(64) NOT NULL DEFAULT '',
  `master_field` varchar(64) NOT NULL DEFAULT '',
  `foreign_db` varchar(64) NOT NULL DEFAULT '',
  `foreign_table` varchar(64) NOT NULL DEFAULT '',
  `foreign_field` varchar(64) NOT NULL DEFAULT ''
) ENGINE=InnoDB DEFAULT CHARSET=utf8 COLLATE=utf8_bin COMMENT='Relation table';

-- --------------------------------------------------------

--
-- Table structure for table `pma__savedsearches`
--

CREATE TABLE `pma__savedsearches` (
  `id` int(5) UNSIGNED NOT NULL,
  `username` varchar(64) NOT NULL DEFAULT '',
  `db_name` varchar(64) NOT NULL DEFAULT '',
  `search_name` varchar(64) NOT NULL DEFAULT '',
  `search_data` text NOT NULL
) ENGINE=InnoDB DEFAULT CHARSET=utf8 COLLATE=utf8_bin COMMENT='Saved searches';

-- --------------------------------------------------------

--
-- Table structure for table `pma__table_coords`
--

CREATE TABLE `pma__table_coords` (
  `db_name` varchar(64) NOT NULL DEFAULT '',
  `table_name` varchar(64) NOT NULL DEFAULT '',
  `pdf_page_number` int(11) NOT NULL DEFAULT 0,
  `x` float UNSIGNED NOT NULL DEFAULT 0,
  `y` float UNSIGNED NOT NULL DEFAULT 0
) ENGINE=InnoDB DEFAULT CHARSET=utf8 COLLATE=utf8_bin COMMENT='Table coordinates for phpMyAdmin PDF output';

-- --------------------------------------------------------

--
-- Table structure for table `pma__table_info`
--

CREATE TABLE `pma__table_info` (
  `db_name` varchar(64) NOT NULL DEFAULT '',
  `table_name` varchar(64) NOT NULL DEFAULT '',
  `display_field` varchar(64) NOT NULL DEFAULT ''
) ENGINE=InnoDB DEFAULT CHARSET=utf8 COLLATE=utf8_bin COMMENT='Table information for phpMyAdmin';

-- --------------------------------------------------------

--
-- Table structure for table `pma__table_uiprefs`
--

CREATE TABLE `pma__table_uiprefs` (
  `username` varchar(64) NOT NULL,
  `db_name` varchar(64) NOT NULL,
  `table_name` varchar(64) NOT NULL,
  `prefs` text NOT NULL,
  `last_update` timestamp NOT NULL DEFAULT current_timestamp() ON UPDATE current_timestamp()
) ENGINE=InnoDB DEFAULT CHARSET=utf8 COLLATE=utf8_bin COMMENT='Tables'' UI preferences';

-- --------------------------------------------------------

--
-- Table structure for table `pma__tracking`
--

CREATE TABLE `pma__tracking` (
  `db_name` varchar(64) NOT NULL,
  `table_name` varchar(64) NOT NULL,
  `version` int(10) UNSIGNED NOT NULL,
  `date_created` datetime NOT NULL,
  `date_updated` datetime NOT NULL,
  `schema_snapshot` text NOT NULL,
  `schema_sql` text DEFAULT NULL,
  `data_sql` longtext DEFAULT NULL,
  `tracking` set('UPDATE','REPLACE','INSERT','DELETE','TRUNCATE','CREATE DATABASE','ALTER DATABASE','DROP DATABASE','CREATE TABLE','ALTER TABLE','RENAME TABLE','DROP TABLE','CREATE INDEX','DROP INDEX','CREATE VIEW','ALTER VIEW','DROP VIEW') DEFAULT NULL,
  `tracking_active` int(1) UNSIGNED NOT NULL DEFAULT 1
) ENGINE=InnoDB DEFAULT CHARSET=utf8 COLLATE=utf8_bin COMMENT='Database changes tracking for phpMyAdmin';

-- --------------------------------------------------------

--
-- Table structure for table `pma__userconfig`
--

CREATE TABLE `pma__userconfig` (
  `username` varchar(64) NOT NULL,
  `timevalue` timestamp NOT NULL DEFAULT current_timestamp() ON UPDATE current_timestamp(),
  `config_data` text NOT NULL
) ENGINE=InnoDB DEFAULT CHARSET=utf8 COLLATE=utf8_bin COMMENT='User preferences storage for phpMyAdmin';

--
-- Dumping data for table `pma__userconfig`
--

INSERT INTO `pma__userconfig` (`username`, `timevalue`, `config_data`) VALUES
('root', '2023-02-01 06:29:26', '{\"Console\\/Mode\":\"collapse\"}');

-- --------------------------------------------------------

--
-- Table structure for table `pma__usergroups`
--

CREATE TABLE `pma__usergroups` (
  `usergroup` varchar(64) NOT NULL,
  `tab` varchar(64) NOT NULL,
  `allowed` enum('Y','N') NOT NULL DEFAULT 'N'
) ENGINE=InnoDB DEFAULT CHARSET=utf8 COLLATE=utf8_bin COMMENT='User groups with configured menu items';

-- --------------------------------------------------------

--
-- Table structure for table `pma__users`
--

CREATE TABLE `pma__users` (
  `username` varchar(64) NOT NULL,
  `usergroup` varchar(64) NOT NULL
) ENGINE=InnoDB DEFAULT CHARSET=utf8 COLLATE=utf8_bin COMMENT='Users and their assignments to user groups';

--
-- Indexes for dumped tables
--

--
-- Indexes for table `pma__bookmark`
--
ALTER TABLE `pma__bookmark`
  ADD PRIMARY KEY (`id`);

--
-- Indexes for table `pma__central_columns`
--
ALTER TABLE `pma__central_columns`
  ADD PRIMARY KEY (`db_name`,`col_name`);

--
-- Indexes for table `pma__column_info`
--
ALTER TABLE `pma__column_info`
  ADD PRIMARY KEY (`id`),
  ADD UNIQUE KEY `db_name` (`db_name`,`table_name`,`column_name`);

--
-- Indexes for table `pma__designer_settings`
--
ALTER TABLE `pma__designer_settings`
  ADD PRIMARY KEY (`username`);

--
-- Indexes for table `pma__export_templates`
--
ALTER TABLE `pma__export_templates`
  ADD PRIMARY KEY (`id`),
  ADD UNIQUE KEY `u_user_type_template` (`username`,`export_type`,`template_name`);

--
-- Indexes for table `pma__favorite`
--
ALTER TABLE `pma__favorite`
  ADD PRIMARY KEY (`username`);

--
-- Indexes for table `pma__history`
--
ALTER TABLE `pma__history`
  ADD PRIMARY KEY (`id`),
  ADD KEY `username` (`username`,`db`,`table`,`timevalue`);

--
-- Indexes for table `pma__navigationhiding`
--
ALTER TABLE `pma__navigationhiding`
  ADD PRIMARY KEY (`username`,`item_name`,`item_type`,`db_name`,`table_name`);

--
-- Indexes for table `pma__pdf_pages`
--
ALTER TABLE `pma__pdf_pages`
  ADD PRIMARY KEY (`page_nr`),
  ADD KEY `db_name` (`db_name`);

--
-- Indexes for table `pma__recent`
--
ALTER TABLE `pma__recent`
  ADD PRIMARY KEY (`username`);

--
-- Indexes for table `pma__relation`
--
ALTER TABLE `pma__relation`
  ADD PRIMARY KEY (`master_db`,`master_table`,`master_field`),
  ADD KEY `foreign_field` (`foreign_db`,`foreign_table`);

--
-- Indexes for table `pma__savedsearches`
--
ALTER TABLE `pma__savedsearches`
  ADD PRIMARY KEY (`id`),
  ADD UNIQUE KEY `u_savedsearches_username_dbname` (`username`,`db_name`,`search_name`);

--
-- Indexes for table `pma__table_coords`
--
ALTER TABLE `pma__table_coords`
  ADD PRIMARY KEY (`db_name`,`table_name`,`pdf_page_number`);

--
-- Indexes for table `pma__table_info`
--
ALTER TABLE `pma__table_info`
  ADD PRIMARY KEY (`db_name`,`table_name`);

--
-- Indexes for table `pma__table_uiprefs`
--
ALTER TABLE `pma__table_uiprefs`
  ADD PRIMARY KEY (`username`,`db_name`,`table_name`);

--
-- Indexes for table `pma__tracking`
--
ALTER TABLE `pma__tracking`
  ADD PRIMARY KEY (`db_name`,`table_name`,`version`);

--
-- Indexes for table `pma__userconfig`
--
ALTER TABLE `pma__userconfig`
  ADD PRIMARY KEY (`username`);

--
-- Indexes for table `pma__usergroups`
--
ALTER TABLE `pma__usergroups`
  ADD PRIMARY KEY (`usergroup`,`tab`,`allowed`);

--
-- Indexes for table `pma__users`
--
ALTER TABLE `pma__users`
  ADD PRIMARY KEY (`username`,`usergroup`);

--
-- AUTO_INCREMENT for dumped tables
--

--
-- AUTO_INCREMENT for table `pma__bookmark`
--
ALTER TABLE `pma__bookmark`
  MODIFY `id` int(10) UNSIGNED NOT NULL AUTO_INCREMENT;

--
-- AUTO_INCREMENT for table `pma__column_info`
--
ALTER TABLE `pma__column_info`
  MODIFY `id` int(5) UNSIGNED NOT NULL AUTO_INCREMENT;

--
-- AUTO_INCREMENT for table `pma__export_templates`
--
ALTER TABLE `pma__export_templates`
  MODIFY `id` int(5) UNSIGNED NOT NULL AUTO_INCREMENT;

--
-- AUTO_INCREMENT for table `pma__history`
--
ALTER TABLE `pma__history`
  MODIFY `id` bigint(20) UNSIGNED NOT NULL AUTO_INCREMENT;

--
-- AUTO_INCREMENT for table `pma__pdf_pages`
--
ALTER TABLE `pma__pdf_pages`
  MODIFY `page_nr` int(10) UNSIGNED NOT NULL AUTO_INCREMENT;

--
-- AUTO_INCREMENT for table `pma__savedsearches`
--
ALTER TABLE `pma__savedsearches`
  MODIFY `id` int(5) UNSIGNED NOT NULL AUTO_INCREMENT;
--
-- Database: `php_login_management`
--
CREATE DATABASE IF NOT EXISTS `php_login_management` DEFAULT CHARACTER SET utf8mb4 COLLATE utf8mb4_general_ci;
USE `php_login_management`;
--
-- Database: `php_login_management_test`
--
CREATE DATABASE IF NOT EXISTS `php_login_management_test` DEFAULT CHARACTER SET utf8mb4 COLLATE utf8mb4_general_ci;
USE `php_login_management_test`;
--
-- Database: `test`
--
CREATE DATABASE IF NOT EXISTS `test` DEFAULT CHARACTER SET latin1 COLLATE latin1_swedish_ci;
USE `test`;
--
-- Database: `user_db`
--
CREATE DATABASE IF NOT EXISTS `user_db` DEFAULT CHARACTER SET utf8mb4 COLLATE utf8mb4_general_ci;
USE `user_db`;

-- --------------------------------------------------------

--
-- Table structure for table `user`
--

CREATE TABLE `user` (
  `id` int(11) NOT NULL,
  `name` varchar(20) NOT NULL,
  `email` varchar(20) NOT NULL,
  `password` varchar(20) NOT NULL,
  `type` varchar(20) NOT NULL
) ENGINE=InnoDB DEFAULT CHARSET=utf8mb4 COLLATE=utf8mb4_general_ci;

--
-- Dumping data for table `user`
--

INSERT INTO `user` (`id`, `name`, `email`, `password`, `type`) VALUES
(1, 'Nezer', 'benzzkrieg@gmail.com', 'f11b879ecd36c3b972a4', 'user');

-- --------------------------------------------------------

--
-- Table structure for table `user_form`
--

CREATE TABLE `user_form` (
  `id` int(11) NOT NULL,
  `name` varchar(20) NOT NULL,
  `email` varchar(20) NOT NULL,
  `password` varchar(20) NOT NULL,
  `type` varchar(6) NOT NULL
) ENGINE=InnoDB DEFAULT CHARSET=utf8mb4 COLLATE=utf8mb4_general_ci;

--
-- Dumping data for table `user_form`
--

INSERT INTO `user_form` (`id`, `name`, `email`, `password`, `type`) VALUES
(6, 'jefri', 'jefri@gmail.com', 'test1234', 'user'),
(7, 'benaya', 'benaya@gmail.com', 'ben1234', 'admin');

--
-- Indexes for dumped tables
--

--
-- Indexes for table `user`
--
ALTER TABLE `user`
  ADD PRIMARY KEY (`id`);

--
-- AUTO_INCREMENT for dumped tables
--

--
-- AUTO_INCREMENT for table `user`
--
ALTER TABLE `user`
  MODIFY `id` int(11) NOT NULL AUTO_INCREMENT, AUTO_INCREMENT=2;
COMMIT;

/*!40101 SET CHARACTER_SET_CLIENT=@OLD_CHARACTER_SET_CLIENT */;
/*!40101 SET CHARACTER_SET_RESULTS=@OLD_CHARACTER_SET_RESULTS */;
/*!40101 SET COLLATION_CONNECTION=@OLD_COLLATION_CONNECTION */;
